LayerID, Avg IFMAP SRAM BW, Avg FILTER SRAM BW, Avg OFMAP SRAM BW, Avg IFMAP DRAM BW, Avg FILTER DRAM BW, Avg OFMAP DRAM BW,
0, 0.5079365079365079, 0.5076353121893918, 32.498298244028796, 9.846153846153847, 9.999420121774428, 16.27963415738477,
1, 0.89198606271777, 28.54355400696864, 1.8397212543554007, 9.846153846153847, 9.99938968568813, 32.0,
2, 0.89198606271777, 28.54355400696864, 1.8397212543554007, 9.846153846153847, 9.99938968568813, 32.0,
3, 0.89198606271777, 28.54355400696864, 1.8397212543554007, 9.846153846153847, 9.99938968568813, 32.0,
4, 0.5079365079365079, 0.5079365079365079, 32.507936507936506, 9.142857142857142, 9.142857142857142, 32.0,
5, 16.253968253968253, 0.5079365079365079, 8.380952380952381, 9.990243902439024, 9.142857142857142, 32.0,
6, 0.89198606271777, 28.54355400696864, 1.8397212543554007, 9.846153846153847, 9.999771123402633, 32.0,
7, 0.89198606271777, 28.54355400696864, 1.8397212543554007, 9.846153846153847, 9.99938968568813, 32.0,
8, 0.89198606271777, 28.54355400696864, 1.8397212543554007, 9.846153846153847, 9.99938968568813, 32.0,
9, 0.89198606271777, 28.54355400696864, 1.8397212543554007, 9.846153846153847, 9.99938968568813, 32.0,
10, 0.5079365079365079, 0.5079365079365079, 32.507936507936506, 9.142857142857142, 9.142857142857142, 32.0,
11, 16.253968253968253, 0.5079365079365079, 8.380952380952381, 9.990243902439024, 9.142857142857142, 32.0,
12, 0.89198606271777, 28.54355400696864, 1.8397212543554007, 9.846153846153847, 9.999771123402633, 32.0,
13, 0.89198606271777, 28.54355400696864, 1.8397212543554007, 9.846153846153847, 9.99938968568813, 32.0,
14, 0.89198606271777, 28.54355400696864, 1.8397212543554007, 9.846153846153847, 9.99938968568813, 32.0,
15, 0.89198606271777, 28.54355400696864, 1.8397212543554007, 9.846153846153847, 9.99938968568813, 32.0,
16, 0.5079365079365079, 0.5079365079365079, 32.507936507936506, 9.142857142857142, 9.142857142857142, 32.0,
17, 16.253968253968253, 0.5079365079365079, 8.380952380952381, 9.990243902439024, 9.142857142857142, 32.0,
18, 0.89198606271777, 28.54355400696864, 1.8397212543554007, 9.846153846153847, 9.999771123402633, 32.0,
19, 0.89198606271777, 28.54355400696864, 1.8397212543554007, 9.846153846153847, 9.99938968568813, 32.0,
20, 0.89198606271777, 28.54355400696864, 1.8397212543554007, 9.846153846153847, 9.99938968568813, 32.0,
21, 0.89198606271777, 28.54355400696864, 1.8397212543554007, 9.846153846153847, 9.99938968568813, 32.0,
22, 0.5079365079365079, 0.5079365079365079, 32.507936507936506, 9.142857142857142, 9.142857142857142, 32.0,
23, 16.253968253968253, 0.5079365079365079, 8.380952380952381, 9.990243902439024, 9.142857142857142, 32.0,
24, 0.89198606271777, 28.54355400696864, 1.8397212543554007, 9.846153846153847, 9.999771123402633, 32.0,
25, 0.89198606271777, 28.54355400696864, 1.8397212543554007, 9.846153846153847, 9.99938968568813, 32.0,
26, 0.89198606271777, 28.54355400696864, 1.8397212543554007, 9.846153846153847, 9.99938968568813, 32.0,
27, 0.89198606271777, 28.54355400696864, 1.8397212543554007, 9.846153846153847, 9.99938968568813, 32.0,
28, 0.5079365079365079, 0.5079365079365079, 32.507936507936506, 9.142857142857142, 9.142857142857142, 32.0,
29, 16.253968253968253, 0.5079365079365079, 8.380952380952381, 9.990243902439024, 9.142857142857142, 32.0,
30, 0.89198606271777, 28.54355400696864, 1.8397212543554007, 9.846153846153847, 9.999771123402633, 32.0,
31, 0.89198606271777, 28.54355400696864, 1.8397212543554007, 9.846153846153847, 9.99938968568813, 32.0,
32, 0.89198606271777, 28.54355400696864, 1.8397212543554007, 9.846153846153847, 9.99938968568813, 32.0,
33, 0.89198606271777, 28.54355400696864, 1.8397212543554007, 9.846153846153847, 9.99938968568813, 32.0,
34, 0.5079365079365079, 0.5079365079365079, 32.507936507936506, 9.142857142857142, 9.142857142857142, 32.0,
35, 16.253968253968253, 0.5079365079365079, 8.380952380952381, 9.990243902439024, 9.142857142857142, 32.0,
36, 0.89198606271777, 28.54355400696864, 1.8397212543554007, 9.846153846153847, 9.999771123402633, 32.0,
37, 0.89198606271777, 28.54355400696864, 1.8397212543554007, 9.846153846153847, 9.99938968568813, 32.0,
38, 0.89198606271777, 28.54355400696864, 1.8397212543554007, 9.846153846153847, 9.99938968568813, 32.0,
39, 0.89198606271777, 28.54355400696864, 1.8397212543554007, 9.846153846153847, 9.99938968568813, 32.0,
40, 0.5079365079365079, 0.5079365079365079, 32.507936507936506, 9.142857142857142, 9.142857142857142, 32.0,
41, 16.253968253968253, 0.5079365079365079, 8.380952380952381, 9.990243902439024, 9.142857142857142, 32.0,
42, 0.89198606271777, 28.54355400696864, 1.8397212543554007, 9.846153846153847, 9.999771123402633, 32.0,
43, 0.89198606271777, 28.54355400696864, 1.8397212543554007, 9.846153846153847, 9.99938968568813, 32.0,
44, 0.89198606271777, 28.54355400696864, 1.8397212543554007, 9.846153846153847, 9.99938968568813, 32.0,
45, 0.89198606271777, 28.54355400696864, 1.8397212543554007, 9.846153846153847, 9.99938968568813, 32.0,
46, 0.5079365079365079, 0.5079365079365079, 32.507936507936506, 9.142857142857142, 9.142857142857142, 32.0,
47, 16.253968253968253, 0.5079365079365079, 8.380952380952381, 9.990243902439024, 9.142857142857142, 32.0,
48, 0.89198606271777, 28.54355400696864, 1.8397212543554007, 9.846153846153847, 9.999771123402633, 32.0,
49, 0.89198606271777, 28.54355400696864, 1.8397212543554007, 9.846153846153847, 9.999961853172863, 32.0,
50, 0.9706161137440759, 31.059715639810427, 0.500473933649289, 9.99938968568813, 9.999961853172863, 32.0,
51, 0.89198606271777, 28.54355400696864, 1.8397212543554007, 9.846153846153847, 9.99938968568813, 32.0,
52, 0.89198606271777, 28.54355400696864, 1.8397212543554007, 9.846153846153847, 9.99938968568813, 32.0,
53, 0.89198606271777, 28.54355400696864, 1.8397212543554007, 9.846153846153847, 9.99938968568813, 32.0,
54, 0.5079365079365079, 0.5079365079365079, 32.507936507936506, 9.142857142857142, 9.142857142857142, 32.0,
55, 16.253968253968253, 0.5079365079365079, 8.380952380952381, 9.990243902439024, 9.142857142857142, 32.0,
56, 0.89198606271777, 28.54355400696864, 1.8397212543554007, 9.846153846153847, 9.999771123402633, 32.0,
57, 0.89198606271777, 28.54355400696864, 1.8397212543554007, 9.846153846153847, 9.99938968568813, 32.0,
58, 0.89198606271777, 28.54355400696864, 1.8397212543554007, 9.846153846153847, 9.99938968568813, 32.0,
59, 0.89198606271777, 28.54355400696864, 1.8397212543554007, 9.846153846153847, 9.99938968568813, 32.0,
60, 0.5079365079365079, 0.5079365079365079, 32.507936507936506, 9.142857142857142, 9.142857142857142, 32.0,
61, 16.253968253968253, 0.5079365079365079, 8.380952380952381, 9.990243902439024, 9.142857142857142, 32.0,
62, 0.89198606271777, 28.54355400696864, 1.8397212543554007, 9.846153846153847, 9.999771123402633, 32.0,
63, 0.89198606271777, 28.54355400696864, 1.8397212543554007, 9.846153846153847, 9.99938968568813, 32.0,
64, 0.89198606271777, 28.54355400696864, 1.8397212543554007, 9.846153846153847, 9.99938968568813, 32.0,
65, 0.89198606271777, 28.54355400696864, 1.8397212543554007, 9.846153846153847, 9.99938968568813, 32.0,
66, 0.5079365079365079, 0.5079365079365079, 32.507936507936506, 9.142857142857142, 9.142857142857142, 32.0,
67, 16.253968253968253, 0.5079365079365079, 8.380952380952381, 9.990243902439024, 9.142857142857142, 32.0,
68, 0.89198606271777, 28.54355400696864, 1.8397212543554007, 9.846153846153847, 9.999771123402633, 32.0,
69, 0.89198606271777, 28.54355400696864, 1.8397212543554007, 9.846153846153847, 9.99938968568813, 32.0,
70, 0.89198606271777, 28.54355400696864, 1.8397212543554007, 9.846153846153847, 9.99938968568813, 32.0,
71, 0.89198606271777, 28.54355400696864, 1.8397212543554007, 9.846153846153847, 9.99938968568813, 32.0,
72, 0.5079365079365079, 0.5079365079365079, 32.507936507936506, 9.142857142857142, 9.142857142857142, 32.0,
73, 16.253968253968253, 0.5079365079365079, 8.380952380952381, 9.990243902439024, 9.142857142857142, 32.0,
74, 0.89198606271777, 28.54355400696864, 1.8397212543554007, 9.846153846153847, 9.999771123402633, 32.0,
75, 0.89198606271777, 28.54355400696864, 1.8397212543554007, 9.846153846153847, 9.99938968568813, 32.0,
76, 0.89198606271777, 28.54355400696864, 1.8397212543554007, 9.846153846153847, 9.99938968568813, 32.0,
77, 0.89198606271777, 28.54355400696864, 1.8397212543554007, 9.846153846153847, 9.99938968568813, 32.0,
78, 0.5079365079365079, 0.5079365079365079, 32.507936507936506, 9.142857142857142, 9.142857142857142, 32.0,
79, 16.253968253968253, 0.5079365079365079, 8.380952380952381, 9.990243902439024, 9.142857142857142, 32.0,
80, 0.89198606271777, 28.54355400696864, 1.8397212543554007, 9.846153846153847, 9.999771123402633, 32.0,
81, 0.89198606271777, 28.54355400696864, 1.8397212543554007, 9.846153846153847, 9.99938968568813, 32.0,
82, 0.89198606271777, 28.54355400696864, 1.8397212543554007, 9.846153846153847, 9.99938968568813, 32.0,
83, 0.89198606271777, 28.54355400696864, 1.8397212543554007, 9.846153846153847, 9.99938968568813, 32.0,
84, 0.5079365079365079, 0.5079365079365079, 32.507936507936506, 9.142857142857142, 9.142857142857142, 32.0,
85, 16.253968253968253, 0.5079365079365079, 8.380952380952381, 9.990243902439024, 9.142857142857142, 32.0,
86, 0.89198606271777, 28.54355400696864, 1.8397212543554007, 9.846153846153847, 9.999771123402633, 32.0,
87, 0.89198606271777, 28.54355400696864, 1.8397212543554007, 9.846153846153847, 9.99938968568813, 32.0,
88, 0.89198606271777, 28.54355400696864, 1.8397212543554007, 9.846153846153847, 9.99938968568813, 32.0,
89, 0.89198606271777, 28.54355400696864, 1.8397212543554007, 9.846153846153847, 9.99938968568813, 32.0,
90, 0.5079365079365079, 0.5079365079365079, 32.507936507936506, 9.142857142857142, 9.142857142857142, 32.0,
91, 16.253968253968253, 0.5079365079365079, 8.380952380952381, 9.990243902439024, 9.142857142857142, 32.0,
92, 0.89198606271777, 28.54355400696864, 1.8397212543554007, 9.846153846153847, 9.999771123402633, 32.0,
93, 0.89198606271777, 28.54355400696864, 1.8397212543554007, 9.846153846153847, 9.99938968568813, 32.0,
94, 0.89198606271777, 28.54355400696864, 1.8397212543554007, 9.846153846153847, 9.99938968568813, 32.0,
95, 0.89198606271777, 28.54355400696864, 1.8397212543554007, 9.846153846153847, 9.99938968568813, 32.0,
96, 0.5079365079365079, 0.5079365079365079, 32.507936507936506, 9.142857142857142, 9.142857142857142, 32.0,
97, 16.253968253968253, 0.5079365079365079, 8.380952380952381, 9.990243902439024, 9.142857142857142, 32.0,
98, 0.89198606271777, 28.54355400696864, 1.8397212543554007, 9.846153846153847, 9.999771123402633, 32.0,
99, 0.89198606271777, 28.54355400696864, 1.8397212543554007, 9.846153846153847, 9.999961853172863, 32.0,
100, 0.9706161137440759, 31.059715639810427, 0.500473933649289, 9.99938968568813, 9.999961853172863, 32.0,
101, 0.89198606271777, 28.54355400696864, 1.8397212543554007, 9.846153846153847, 9.99938968568813, 32.0,
102, 0.89198606271777, 28.54355400696864, 1.8397212543554007, 9.846153846153847, 9.99938968568813, 32.0,
103, 0.89198606271777, 28.54355400696864, 1.8397212543554007, 9.846153846153847, 9.99938968568813, 32.0,
104, 0.5079365079365079, 0.5079365079365079, 32.507936507936506, 9.142857142857142, 9.142857142857142, 32.0,
105, 16.253968253968253, 0.5079365079365079, 8.380952380952381, 9.990243902439024, 9.142857142857142, 32.0,
106, 0.89198606271777, 28.54355400696864, 1.8397212543554007, 9.846153846153847, 9.999771123402633, 32.0,
107, 0.89198606271777, 28.54355400696864, 1.8397212543554007, 9.846153846153847, 9.99938968568813, 32.0,
108, 0.89198606271777, 28.54355400696864, 1.8397212543554007, 9.846153846153847, 9.99938968568813, 32.0,
109, 0.89198606271777, 28.54355400696864, 1.8397212543554007, 9.846153846153847, 9.99938968568813, 32.0,
110, 0.5079365079365079, 0.5079365079365079, 32.507936507936506, 9.142857142857142, 9.142857142857142, 32.0,
111, 16.253968253968253, 0.5079365079365079, 8.380952380952381, 9.990243902439024, 9.142857142857142, 32.0,
112, 0.89198606271777, 28.54355400696864, 1.8397212543554007, 9.846153846153847, 9.999771123402633, 32.0,
113, 0.89198606271777, 28.54355400696864, 1.8397212543554007, 9.846153846153847, 9.99938968568813, 32.0,
114, 0.89198606271777, 28.54355400696864, 1.8397212543554007, 9.846153846153847, 9.99938968568813, 32.0,
115, 0.89198606271777, 28.54355400696864, 1.8397212543554007, 9.846153846153847, 9.99938968568813, 32.0,
116, 0.5079365079365079, 0.5079365079365079, 32.507936507936506, 9.142857142857142, 9.142857142857142, 32.0,
117, 16.253968253968253, 0.5079365079365079, 8.380952380952381, 9.990243902439024, 9.142857142857142, 32.0,
118, 0.89198606271777, 28.54355400696864, 1.8397212543554007, 9.846153846153847, 9.999771123402633, 32.0,
119, 0.89198606271777, 28.54355400696864, 1.8397212543554007, 9.846153846153847, 9.99938968568813, 32.0,
120, 0.89198606271777, 28.54355400696864, 1.8397212543554007, 9.846153846153847, 9.99938968568813, 32.0,
121, 0.89198606271777, 28.54355400696864, 1.8397212543554007, 9.846153846153847, 9.99938968568813, 32.0,
122, 0.5079365079365079, 0.5079365079365079, 32.507936507936506, 9.142857142857142, 9.142857142857142, 32.0,
123, 16.253968253968253, 0.5079365079365079, 8.380952380952381, 9.990243902439024, 9.142857142857142, 32.0,
124, 0.89198606271777, 28.54355400696864, 1.8397212543554007, 9.846153846153847, 9.999771123402633, 32.0,
125, 0.89198606271777, 28.54355400696864, 1.8397212543554007, 9.846153846153847, 9.99938968568813, 32.0,
126, 0.89198606271777, 28.54355400696864, 1.8397212543554007, 9.846153846153847, 9.99938968568813, 32.0,
127, 0.89198606271777, 28.54355400696864, 1.8397212543554007, 9.846153846153847, 9.99938968568813, 32.0,
128, 0.5079365079365079, 0.5079365079365079, 32.507936507936506, 9.142857142857142, 9.142857142857142, 32.0,
129, 16.253968253968253, 0.5079365079365079, 8.380952380952381, 9.990243902439024, 9.142857142857142, 32.0,
130, 0.89198606271777, 28.54355400696864, 1.8397212543554007, 9.846153846153847, 9.999771123402633, 32.0,
131, 0.89198606271777, 28.54355400696864, 1.8397212543554007, 9.846153846153847, 9.99938968568813, 32.0,
132, 0.89198606271777, 28.54355400696864, 1.8397212543554007, 9.846153846153847, 9.99938968568813, 32.0,
133, 0.89198606271777, 28.54355400696864, 1.8397212543554007, 9.846153846153847, 9.99938968568813, 32.0,
134, 0.5079365079365079, 0.5079365079365079, 32.507936507936506, 9.142857142857142, 9.142857142857142, 32.0,
135, 16.253968253968253, 0.5079365079365079, 8.380952380952381, 9.990243902439024, 9.142857142857142, 32.0,
136, 0.89198606271777, 28.54355400696864, 1.8397212543554007, 9.846153846153847, 9.999771123402633, 32.0,
137, 0.89198606271777, 28.54355400696864, 1.8397212543554007, 9.846153846153847, 9.99938968568813, 32.0,
138, 0.89198606271777, 28.54355400696864, 1.8397212543554007, 9.846153846153847, 9.99938968568813, 32.0,
139, 0.89198606271777, 28.54355400696864, 1.8397212543554007, 9.846153846153847, 9.99938968568813, 32.0,
140, 0.5079365079365079, 0.5079365079365079, 32.507936507936506, 9.142857142857142, 9.142857142857142, 32.0,
141, 16.253968253968253, 0.5079365079365079, 8.380952380952381, 9.990243902439024, 9.142857142857142, 32.0,
142, 0.89198606271777, 28.54355400696864, 1.8397212543554007, 9.846153846153847, 9.999771123402633, 32.0,
143, 0.89198606271777, 28.54355400696864, 1.8397212543554007, 9.846153846153847, 9.99938968568813, 32.0,
144, 0.89198606271777, 28.54355400696864, 1.8397212543554007, 9.846153846153847, 9.99938968568813, 32.0,
145, 0.89198606271777, 28.54355400696864, 1.8397212543554007, 9.846153846153847, 9.99938968568813, 32.0,
146, 0.5079365079365079, 0.5079365079365079, 32.507936507936506, 9.142857142857142, 9.142857142857142, 32.0,
147, 16.253968253968253, 0.5079365079365079, 8.380952380952381, 9.990243902439024, 9.142857142857142, 32.0,
148, 0.89198606271777, 28.54355400696864, 1.8397212543554007, 9.846153846153847, 9.999771123402633, 32.0,
149, 0.89198606271777, 28.54355400696864, 1.8397212543554007, 9.846153846153847, 9.999961853172863, 32.0,
150, 0.9706161137440759, 31.059715639810427, 0.500473933649289, 9.99938968568813, 9.999961853172863, 32.0,
151, 0.89198606271777, 28.54355400696864, 1.8397212543554007, 9.846153846153847, 9.99938968568813, 32.0,
152, 0.89198606271777, 28.54355400696864, 1.8397212543554007, 9.846153846153847, 9.99938968568813, 32.0,
153, 0.89198606271777, 28.54355400696864, 1.8397212543554007, 9.846153846153847, 9.99938968568813, 32.0,
154, 0.5079365079365079, 0.5079365079365079, 32.507936507936506, 9.142857142857142, 9.142857142857142, 32.0,
155, 16.253968253968253, 0.5079365079365079, 8.380952380952381, 9.990243902439024, 9.142857142857142, 32.0,
156, 0.89198606271777, 28.54355400696864, 1.8397212543554007, 9.846153846153847, 9.999771123402633, 32.0,
157, 0.89198606271777, 28.54355400696864, 1.8397212543554007, 9.846153846153847, 9.99938968568813, 32.0,
158, 0.89198606271777, 28.54355400696864, 1.8397212543554007, 9.846153846153847, 9.99938968568813, 32.0,
159, 0.89198606271777, 28.54355400696864, 1.8397212543554007, 9.846153846153847, 9.99938968568813, 32.0,
160, 0.5079365079365079, 0.5079365079365079, 32.507936507936506, 9.142857142857142, 9.142857142857142, 32.0,
161, 16.253968253968253, 0.5079365079365079, 8.380952380952381, 9.990243902439024, 9.142857142857142, 32.0,
162, 0.89198606271777, 28.54355400696864, 1.8397212543554007, 9.846153846153847, 9.999771123402633, 32.0,
163, 0.89198606271777, 28.54355400696864, 1.8397212543554007, 9.846153846153847, 9.99938968568813, 32.0,
164, 0.89198606271777, 28.54355400696864, 1.8397212543554007, 9.846153846153847, 9.99938968568813, 32.0,
165, 0.89198606271777, 28.54355400696864, 1.8397212543554007, 9.846153846153847, 9.99938968568813, 32.0,
166, 0.5079365079365079, 0.5079365079365079, 32.507936507936506, 9.142857142857142, 9.142857142857142, 32.0,
167, 16.253968253968253, 0.5079365079365079, 8.380952380952381, 9.990243902439024, 9.142857142857142, 32.0,
168, 0.89198606271777, 28.54355400696864, 1.8397212543554007, 9.846153846153847, 9.999771123402633, 32.0,
169, 0.89198606271777, 28.54355400696864, 1.8397212543554007, 9.846153846153847, 9.99938968568813, 32.0,
170, 0.89198606271777, 28.54355400696864, 1.8397212543554007, 9.846153846153847, 9.99938968568813, 32.0,
171, 0.89198606271777, 28.54355400696864, 1.8397212543554007, 9.846153846153847, 9.99938968568813, 32.0,
172, 0.5079365079365079, 0.5079365079365079, 32.507936507936506, 9.142857142857142, 9.142857142857142, 32.0,
173, 16.253968253968253, 0.5079365079365079, 8.380952380952381, 9.990243902439024, 9.142857142857142, 32.0,
174, 0.89198606271777, 28.54355400696864, 1.8397212543554007, 9.846153846153847, 9.999771123402633, 32.0,
175, 0.89198606271777, 28.54355400696864, 1.8397212543554007, 9.846153846153847, 9.99938968568813, 32.0,
176, 0.89198606271777, 28.54355400696864, 1.8397212543554007, 9.846153846153847, 9.99938968568813, 32.0,
177, 0.89198606271777, 28.54355400696864, 1.8397212543554007, 9.846153846153847, 9.99938968568813, 32.0,
178, 0.5079365079365079, 0.5079365079365079, 32.507936507936506, 9.142857142857142, 9.142857142857142, 32.0,
179, 16.253968253968253, 0.5079365079365079, 8.380952380952381, 9.990243902439024, 9.142857142857142, 32.0,
180, 0.89198606271777, 28.54355400696864, 1.8397212543554007, 9.846153846153847, 9.999771123402633, 32.0,
181, 0.89198606271777, 28.54355400696864, 1.8397212543554007, 9.846153846153847, 9.99938968568813, 32.0,
182, 0.89198606271777, 28.54355400696864, 1.8397212543554007, 9.846153846153847, 9.99938968568813, 32.0,
183, 0.89198606271777, 28.54355400696864, 1.8397212543554007, 9.846153846153847, 9.99938968568813, 32.0,
184, 0.5079365079365079, 0.5079365079365079, 32.507936507936506, 9.142857142857142, 9.142857142857142, 32.0,
185, 16.253968253968253, 0.5079365079365079, 8.380952380952381, 9.990243902439024, 9.142857142857142, 32.0,
186, 0.89198606271777, 28.54355400696864, 1.8397212543554007, 9.846153846153847, 9.999771123402633, 32.0,
187, 0.89198606271777, 28.54355400696864, 1.8397212543554007, 9.846153846153847, 9.99938968568813, 32.0,
188, 0.89198606271777, 28.54355400696864, 1.8397212543554007, 9.846153846153847, 9.99938968568813, 32.0,
189, 0.89198606271777, 28.54355400696864, 1.8397212543554007, 9.846153846153847, 9.99938968568813, 32.0,
190, 0.5079365079365079, 0.5079365079365079, 32.507936507936506, 9.142857142857142, 9.142857142857142, 32.0,
191, 16.253968253968253, 0.5079365079365079, 8.380952380952381, 9.990243902439024, 9.142857142857142, 32.0,
192, 0.89198606271777, 28.54355400696864, 1.8397212543554007, 9.846153846153847, 9.999771123402633, 32.0,
193, 0.89198606271777, 28.54355400696864, 1.8397212543554007, 9.846153846153847, 9.99938968568813, 32.0,
194, 0.89198606271777, 28.54355400696864, 1.8397212543554007, 9.846153846153847, 9.99938968568813, 32.0,
195, 0.89198606271777, 28.54355400696864, 1.8397212543554007, 9.846153846153847, 9.99938968568813, 32.0,
196, 0.5079365079365079, 0.5079365079365079, 32.507936507936506, 9.142857142857142, 9.142857142857142, 32.0,
197, 16.253968253968253, 0.5079365079365079, 8.380952380952381, 9.990243902439024, 9.142857142857142, 32.0,
198, 0.89198606271777, 28.54355400696864, 1.8397212543554007, 9.846153846153847, 9.999771123402633, 32.0,
199, 0.89198606271777, 28.54355400696864, 1.8397212543554007, 9.846153846153847, 9.999961853172863, 32.0,
200, 0.9706161137440759, 31.059715639810427, 0.500473933649289, 9.99938968568813, 9.999961853172863, 32.0,
201, 0.89198606271777, 28.54355400696864, 1.8397212543554007, 9.846153846153847, 9.99938968568813, 32.0,
202, 0.89198606271777, 28.54355400696864, 1.8397212543554007, 9.846153846153847, 9.99938968568813, 32.0,
203, 0.89198606271777, 28.54355400696864, 1.8397212543554007, 9.846153846153847, 9.99938968568813, 32.0,
204, 0.5079365079365079, 0.5079365079365079, 32.507936507936506, 9.142857142857142, 9.142857142857142, 32.0,
205, 16.253968253968253, 0.5079365079365079, 8.380952380952381, 9.990243902439024, 9.142857142857142, 32.0,
206, 0.89198606271777, 28.54355400696864, 1.8397212543554007, 9.846153846153847, 9.999771123402633, 32.0,
207, 0.89198606271777, 28.54355400696864, 1.8397212543554007, 9.846153846153847, 9.99938968568813, 32.0,
208, 0.89198606271777, 28.54355400696864, 1.8397212543554007, 9.846153846153847, 9.99938968568813, 32.0,
209, 0.89198606271777, 28.54355400696864, 1.8397212543554007, 9.846153846153847, 9.99938968568813, 32.0,
210, 0.5079365079365079, 0.5079365079365079, 32.507936507936506, 9.142857142857142, 9.142857142857142, 32.0,
211, 16.253968253968253, 0.5079365079365079, 8.380952380952381, 9.990243902439024, 9.142857142857142, 32.0,
212, 0.89198606271777, 28.54355400696864, 1.8397212543554007, 9.846153846153847, 9.999771123402633, 32.0,
213, 0.89198606271777, 28.54355400696864, 1.8397212543554007, 9.846153846153847, 9.99938968568813, 32.0,
214, 0.89198606271777, 28.54355400696864, 1.8397212543554007, 9.846153846153847, 9.99938968568813, 32.0,
215, 0.89198606271777, 28.54355400696864, 1.8397212543554007, 9.846153846153847, 9.99938968568813, 32.0,
216, 0.5079365079365079, 0.5079365079365079, 32.507936507936506, 9.142857142857142, 9.142857142857142, 32.0,
217, 16.253968253968253, 0.5079365079365079, 8.380952380952381, 9.990243902439024, 9.142857142857142, 32.0,
218, 0.89198606271777, 28.54355400696864, 1.8397212543554007, 9.846153846153847, 9.999771123402633, 32.0,
219, 0.89198606271777, 28.54355400696864, 1.8397212543554007, 9.846153846153847, 9.99938968568813, 32.0,
220, 0.89198606271777, 28.54355400696864, 1.8397212543554007, 9.846153846153847, 9.99938968568813, 32.0,
221, 0.89198606271777, 28.54355400696864, 1.8397212543554007, 9.846153846153847, 9.99938968568813, 32.0,
222, 0.5079365079365079, 0.5079365079365079, 32.507936507936506, 9.142857142857142, 9.142857142857142, 32.0,
223, 16.253968253968253, 0.5079365079365079, 8.380952380952381, 9.990243902439024, 9.142857142857142, 32.0,
224, 0.89198606271777, 28.54355400696864, 1.8397212543554007, 9.846153846153847, 9.999771123402633, 32.0,
225, 0.89198606271777, 28.54355400696864, 1.8397212543554007, 9.846153846153847, 9.99938968568813, 32.0,
226, 0.89198606271777, 28.54355400696864, 1.8397212543554007, 9.846153846153847, 9.99938968568813, 32.0,
227, 0.89198606271777, 28.54355400696864, 1.8397212543554007, 9.846153846153847, 9.99938968568813, 32.0,
228, 0.5079365079365079, 0.5079365079365079, 32.507936507936506, 9.142857142857142, 9.142857142857142, 32.0,
229, 16.253968253968253, 0.5079365079365079, 8.380952380952381, 9.990243902439024, 9.142857142857142, 32.0,
230, 0.89198606271777, 28.54355400696864, 1.8397212543554007, 9.846153846153847, 9.999771123402633, 32.0,
231, 0.89198606271777, 28.54355400696864, 1.8397212543554007, 9.846153846153847, 9.99938968568813, 32.0,
232, 0.89198606271777, 28.54355400696864, 1.8397212543554007, 9.846153846153847, 9.99938968568813, 32.0,
233, 0.89198606271777, 28.54355400696864, 1.8397212543554007, 9.846153846153847, 9.99938968568813, 32.0,
234, 0.5079365079365079, 0.5079365079365079, 32.507936507936506, 9.142857142857142, 9.142857142857142, 32.0,
235, 16.253968253968253, 0.5079365079365079, 8.380952380952381, 9.990243902439024, 9.142857142857142, 32.0,
236, 0.89198606271777, 28.54355400696864, 1.8397212543554007, 9.846153846153847, 9.999771123402633, 32.0,
237, 0.89198606271777, 28.54355400696864, 1.8397212543554007, 9.846153846153847, 9.99938968568813, 32.0,
238, 0.89198606271777, 28.54355400696864, 1.8397212543554007, 9.846153846153847, 9.99938968568813, 32.0,
239, 0.89198606271777, 28.54355400696864, 1.8397212543554007, 9.846153846153847, 9.99938968568813, 32.0,
240, 0.5079365079365079, 0.5079365079365079, 32.507936507936506, 9.142857142857142, 9.142857142857142, 32.0,
241, 16.253968253968253, 0.5079365079365079, 8.380952380952381, 9.990243902439024, 9.142857142857142, 32.0,
242, 0.89198606271777, 28.54355400696864, 1.8397212543554007, 9.846153846153847, 9.999771123402633, 32.0,
243, 0.89198606271777, 28.54355400696864, 1.8397212543554007, 9.846153846153847, 9.99938968568813, 32.0,
244, 0.89198606271777, 28.54355400696864, 1.8397212543554007, 9.846153846153847, 9.99938968568813, 32.0,
245, 0.89198606271777, 28.54355400696864, 1.8397212543554007, 9.846153846153847, 9.99938968568813, 32.0,
246, 0.5079365079365079, 0.5079365079365079, 32.507936507936506, 9.142857142857142, 9.142857142857142, 32.0,
247, 16.253968253968253, 0.5079365079365079, 8.380952380952381, 9.990243902439024, 9.142857142857142, 32.0,
248, 0.89198606271777, 28.54355400696864, 1.8397212543554007, 9.846153846153847, 9.999771123402633, 32.0,
249, 0.89198606271777, 28.54355400696864, 1.8397212543554007, 9.846153846153847, 9.999961853172863, 32.0,
250, 0.9706161137440759, 31.059715639810427, 0.500473933649289, 9.99938968568813, 9.999961853172863, 32.0,
251, 0.89198606271777, 28.54355400696864, 1.8397212543554007, 9.846153846153847, 9.99938968568813, 32.0,
252, 0.89198606271777, 28.54355400696864, 1.8397212543554007, 9.846153846153847, 9.99938968568813, 32.0,
253, 0.89198606271777, 28.54355400696864, 1.8397212543554007, 9.846153846153847, 9.99938968568813, 32.0,
254, 0.5079365079365079, 0.5079365079365079, 32.507936507936506, 9.142857142857142, 9.142857142857142, 32.0,
255, 16.253968253968253, 0.5079365079365079, 8.380952380952381, 9.990243902439024, 9.142857142857142, 32.0,
256, 0.89198606271777, 28.54355400696864, 1.8397212543554007, 9.846153846153847, 9.999771123402633, 32.0,
257, 0.89198606271777, 28.54355400696864, 1.8397212543554007, 9.846153846153847, 9.99938968568813, 32.0,
258, 0.89198606271777, 28.54355400696864, 1.8397212543554007, 9.846153846153847, 9.99938968568813, 32.0,
259, 0.89198606271777, 28.54355400696864, 1.8397212543554007, 9.846153846153847, 9.99938968568813, 32.0,
260, 0.5079365079365079, 0.5079365079365079, 32.507936507936506, 9.142857142857142, 9.142857142857142, 32.0,
261, 16.253968253968253, 0.5079365079365079, 8.380952380952381, 9.990243902439024, 9.142857142857142, 32.0,
262, 0.89198606271777, 28.54355400696864, 1.8397212543554007, 9.846153846153847, 9.999771123402633, 32.0,
263, 0.89198606271777, 28.54355400696864, 1.8397212543554007, 9.846153846153847, 9.99938968568813, 32.0,
264, 0.89198606271777, 28.54355400696864, 1.8397212543554007, 9.846153846153847, 9.99938968568813, 32.0,
265, 0.89198606271777, 28.54355400696864, 1.8397212543554007, 9.846153846153847, 9.99938968568813, 32.0,
266, 0.5079365079365079, 0.5079365079365079, 32.507936507936506, 9.142857142857142, 9.142857142857142, 32.0,
267, 16.253968253968253, 0.5079365079365079, 8.380952380952381, 9.990243902439024, 9.142857142857142, 32.0,
268, 0.89198606271777, 28.54355400696864, 1.8397212543554007, 9.846153846153847, 9.999771123402633, 32.0,
269, 0.89198606271777, 28.54355400696864, 1.8397212543554007, 9.846153846153847, 9.99938968568813, 32.0,
270, 0.89198606271777, 28.54355400696864, 1.8397212543554007, 9.846153846153847, 9.99938968568813, 32.0,
271, 0.89198606271777, 28.54355400696864, 1.8397212543554007, 9.846153846153847, 9.99938968568813, 32.0,
272, 0.5079365079365079, 0.5079365079365079, 32.507936507936506, 9.142857142857142, 9.142857142857142, 32.0,
273, 16.253968253968253, 0.5079365079365079, 8.380952380952381, 9.990243902439024, 9.142857142857142, 32.0,
274, 0.89198606271777, 28.54355400696864, 1.8397212543554007, 9.846153846153847, 9.999771123402633, 32.0,
275, 0.89198606271777, 28.54355400696864, 1.8397212543554007, 9.846153846153847, 9.99938968568813, 32.0,
276, 0.89198606271777, 28.54355400696864, 1.8397212543554007, 9.846153846153847, 9.99938968568813, 32.0,
277, 0.89198606271777, 28.54355400696864, 1.8397212543554007, 9.846153846153847, 9.99938968568813, 32.0,
278, 0.5079365079365079, 0.5079365079365079, 32.507936507936506, 9.142857142857142, 9.142857142857142, 32.0,
279, 16.253968253968253, 0.5079365079365079, 8.380952380952381, 9.990243902439024, 9.142857142857142, 32.0,
280, 0.89198606271777, 28.54355400696864, 1.8397212543554007, 9.846153846153847, 9.999771123402633, 32.0,
281, 0.89198606271777, 28.54355400696864, 1.8397212543554007, 9.846153846153847, 9.99938968568813, 32.0,
282, 0.89198606271777, 28.54355400696864, 1.8397212543554007, 9.846153846153847, 9.99938968568813, 32.0,
283, 0.89198606271777, 28.54355400696864, 1.8397212543554007, 9.846153846153847, 9.99938968568813, 32.0,
284, 0.5079365079365079, 0.5079365079365079, 32.507936507936506, 9.142857142857142, 9.142857142857142, 32.0,
285, 16.253968253968253, 0.5079365079365079, 8.380952380952381, 9.990243902439024, 9.142857142857142, 32.0,
286, 0.89198606271777, 28.54355400696864, 1.8397212543554007, 9.846153846153847, 9.999771123402633, 32.0,
287, 0.89198606271777, 28.54355400696864, 1.8397212543554007, 9.846153846153847, 9.99938968568813, 32.0,
288, 0.89198606271777, 28.54355400696864, 1.8397212543554007, 9.846153846153847, 9.99938968568813, 32.0,
289, 0.89198606271777, 28.54355400696864, 1.8397212543554007, 9.846153846153847, 9.99938968568813, 32.0,
290, 0.5079365079365079, 0.5079365079365079, 32.507936507936506, 9.142857142857142, 9.142857142857142, 32.0,
291, 16.253968253968253, 0.5079365079365079, 8.380952380952381, 9.990243902439024, 9.142857142857142, 32.0,
292, 0.89198606271777, 28.54355400696864, 1.8397212543554007, 9.846153846153847, 9.999771123402633, 32.0,
293, 0.89198606271777, 28.54355400696864, 1.8397212543554007, 9.846153846153847, 9.99938968568813, 32.0,
294, 0.89198606271777, 28.54355400696864, 1.8397212543554007, 9.846153846153847, 9.99938968568813, 32.0,
295, 0.89198606271777, 28.54355400696864, 1.8397212543554007, 9.846153846153847, 9.99938968568813, 32.0,
296, 0.5079365079365079, 0.5079365079365079, 32.507936507936506, 9.142857142857142, 9.142857142857142, 32.0,
297, 16.253968253968253, 0.5079365079365079, 8.380952380952381, 9.990243902439024, 9.142857142857142, 32.0,
298, 0.89198606271777, 28.54355400696864, 1.8397212543554007, 9.846153846153847, 9.999771123402633, 32.0,
299, 0.89198606271777, 28.54355400696864, 1.8397212543554007, 9.846153846153847, 9.999961853172863, 32.0,
300, 0.9706161137440759, 31.059715639810427, 0.500473933649289, 9.99938968568813, 9.999961853172863, 32.0,
301, 0.5079365079365079, 0.5076353121893918, 32.498298244028796, 9.846153846153847, 9.999420121774428, 16.27963415738477,
302, 0.89198606271777, 28.54355400696864, 1.8397212543554007, 9.846153846153847, 9.99938968568813, 32.0,
303, 0.89198606271777, 28.54355400696864, 1.8397212543554007, 9.846153846153847, 9.99938968568813, 32.0,
304, 0.89198606271777, 28.54355400696864, 1.8397212543554007, 9.846153846153847, 9.99938968568813, 32.0,
305, 0.5079365079365079, 0.5079365079365079, 32.507936507936506, 9.142857142857142, 9.142857142857142, 32.0,
306, 16.253968253968253, 0.5079365079365079, 8.380952380952381, 9.990243902439024, 9.142857142857142, 32.0,
307, 0.89198606271777, 28.54355400696864, 1.8397212543554007, 9.846153846153847, 9.999771123402633, 32.0,
308, 0.89198606271777, 28.54355400696864, 1.8397212543554007, 9.846153846153847, 9.99938968568813, 32.0,
309, 0.89198606271777, 28.54355400696864, 1.8397212543554007, 9.846153846153847, 9.99938968568813, 32.0,
310, 0.89198606271777, 28.54355400696864, 1.8397212543554007, 9.846153846153847, 9.99938968568813, 32.0,
311, 0.5079365079365079, 0.5079365079365079, 32.507936507936506, 9.142857142857142, 9.142857142857142, 32.0,
312, 16.253968253968253, 0.5079365079365079, 8.380952380952381, 9.990243902439024, 9.142857142857142, 32.0,
313, 0.89198606271777, 28.54355400696864, 1.8397212543554007, 9.846153846153847, 9.999771123402633, 32.0,
314, 0.89198606271777, 28.54355400696864, 1.8397212543554007, 9.846153846153847, 9.99938968568813, 32.0,
315, 0.89198606271777, 28.54355400696864, 1.8397212543554007, 9.846153846153847, 9.99938968568813, 32.0,
316, 0.89198606271777, 28.54355400696864, 1.8397212543554007, 9.846153846153847, 9.99938968568813, 32.0,
317, 0.5079365079365079, 0.5079365079365079, 32.507936507936506, 9.142857142857142, 9.142857142857142, 32.0,
318, 16.253968253968253, 0.5079365079365079, 8.380952380952381, 9.990243902439024, 9.142857142857142, 32.0,
319, 0.89198606271777, 28.54355400696864, 1.8397212543554007, 9.846153846153847, 9.999771123402633, 32.0,
320, 0.89198606271777, 28.54355400696864, 1.8397212543554007, 9.846153846153847, 9.99938968568813, 32.0,
321, 0.89198606271777, 28.54355400696864, 1.8397212543554007, 9.846153846153847, 9.99938968568813, 32.0,
322, 0.89198606271777, 28.54355400696864, 1.8397212543554007, 9.846153846153847, 9.99938968568813, 32.0,
323, 0.5079365079365079, 0.5079365079365079, 32.507936507936506, 9.142857142857142, 9.142857142857142, 32.0,
324, 16.253968253968253, 0.5079365079365079, 8.380952380952381, 9.990243902439024, 9.142857142857142, 32.0,
325, 0.89198606271777, 28.54355400696864, 1.8397212543554007, 9.846153846153847, 9.999771123402633, 32.0,
326, 0.89198606271777, 28.54355400696864, 1.8397212543554007, 9.846153846153847, 9.99938968568813, 32.0,
327, 0.89198606271777, 28.54355400696864, 1.8397212543554007, 9.846153846153847, 9.99938968568813, 32.0,
328, 0.89198606271777, 28.54355400696864, 1.8397212543554007, 9.846153846153847, 9.99938968568813, 32.0,
329, 0.5079365079365079, 0.5079365079365079, 32.507936507936506, 9.142857142857142, 9.142857142857142, 32.0,
330, 16.253968253968253, 0.5079365079365079, 8.380952380952381, 9.990243902439024, 9.142857142857142, 32.0,
331, 0.89198606271777, 28.54355400696864, 1.8397212543554007, 9.846153846153847, 9.999771123402633, 32.0,
332, 0.89198606271777, 28.54355400696864, 1.8397212543554007, 9.846153846153847, 9.99938968568813, 32.0,
333, 0.89198606271777, 28.54355400696864, 1.8397212543554007, 9.846153846153847, 9.99938968568813, 32.0,
334, 0.89198606271777, 28.54355400696864, 1.8397212543554007, 9.846153846153847, 9.99938968568813, 32.0,
335, 0.5079365079365079, 0.5079365079365079, 32.507936507936506, 9.142857142857142, 9.142857142857142, 32.0,
336, 16.253968253968253, 0.5079365079365079, 8.380952380952381, 9.990243902439024, 9.142857142857142, 32.0,
337, 0.89198606271777, 28.54355400696864, 1.8397212543554007, 9.846153846153847, 9.999771123402633, 32.0,
338, 0.89198606271777, 28.54355400696864, 1.8397212543554007, 9.846153846153847, 9.99938968568813, 32.0,
339, 0.89198606271777, 28.54355400696864, 1.8397212543554007, 9.846153846153847, 9.99938968568813, 32.0,
340, 0.89198606271777, 28.54355400696864, 1.8397212543554007, 9.846153846153847, 9.99938968568813, 32.0,
341, 0.5079365079365079, 0.5079365079365079, 32.507936507936506, 9.142857142857142, 9.142857142857142, 32.0,
342, 16.253968253968253, 0.5079365079365079, 8.380952380952381, 9.990243902439024, 9.142857142857142, 32.0,
343, 0.89198606271777, 28.54355400696864, 1.8397212543554007, 9.846153846153847, 9.999771123402633, 32.0,
344, 0.89198606271777, 28.54355400696864, 1.8397212543554007, 9.846153846153847, 9.99938968568813, 32.0,
345, 0.89198606271777, 28.54355400696864, 1.8397212543554007, 9.846153846153847, 9.99938968568813, 32.0,
346, 0.89198606271777, 28.54355400696864, 1.8397212543554007, 9.846153846153847, 9.99938968568813, 32.0,
347, 0.5079365079365079, 0.5079365079365079, 32.507936507936506, 9.142857142857142, 9.142857142857142, 32.0,
348, 16.253968253968253, 0.5079365079365079, 8.380952380952381, 9.990243902439024, 9.142857142857142, 32.0,
349, 0.89198606271777, 28.54355400696864, 1.8397212543554007, 9.846153846153847, 9.999771123402633, 32.0,
350, 0.89198606271777, 28.54355400696864, 1.8397212543554007, 9.846153846153847, 9.99938968568813, 32.0,
351, 0.89198606271777, 28.54355400696864, 1.8397212543554007, 9.846153846153847, 9.99938968568813, 32.0,
352, 0.89198606271777, 28.54355400696864, 1.8397212543554007, 9.846153846153847, 9.99938968568813, 32.0,
353, 0.5079365079365079, 0.5079365079365079, 32.507936507936506, 9.142857142857142, 9.142857142857142, 32.0,
354, 16.253968253968253, 0.5079365079365079, 8.380952380952381, 9.990243902439024, 9.142857142857142, 32.0,
355, 0.89198606271777, 28.54355400696864, 1.8397212543554007, 9.846153846153847, 9.999771123402633, 32.0,
356, 0.89198606271777, 28.54355400696864, 1.8397212543554007, 9.846153846153847, 9.99938968568813, 32.0,
357, 0.89198606271777, 28.54355400696864, 1.8397212543554007, 9.846153846153847, 9.99938968568813, 32.0,
358, 0.89198606271777, 28.54355400696864, 1.8397212543554007, 9.846153846153847, 9.99938968568813, 32.0,
359, 0.5079365079365079, 0.5079365079365079, 32.507936507936506, 9.142857142857142, 9.142857142857142, 32.0,
360, 16.253968253968253, 0.5079365079365079, 8.380952380952381, 9.990243902439024, 9.142857142857142, 32.0,
361, 0.89198606271777, 28.54355400696864, 1.8397212543554007, 9.846153846153847, 9.999771123402633, 32.0,
362, 0.89198606271777, 28.54355400696864, 1.8397212543554007, 9.846153846153847, 9.99938968568813, 32.0,
363, 0.89198606271777, 28.54355400696864, 1.8397212543554007, 9.846153846153847, 9.99938968568813, 32.0,
364, 0.89198606271777, 28.54355400696864, 1.8397212543554007, 9.846153846153847, 9.99938968568813, 32.0,
365, 0.5079365079365079, 0.5079365079365079, 32.507936507936506, 9.142857142857142, 9.142857142857142, 32.0,
366, 16.253968253968253, 0.5079365079365079, 8.380952380952381, 9.990243902439024, 9.142857142857142, 32.0,
367, 0.89198606271777, 28.54355400696864, 1.8397212543554007, 9.846153846153847, 9.999771123402633, 32.0,
368, 0.89198606271777, 28.54355400696864, 1.8397212543554007, 9.846153846153847, 9.99938968568813, 32.0,
369, 0.89198606271777, 28.54355400696864, 1.8397212543554007, 9.846153846153847, 9.99938968568813, 32.0,
370, 0.89198606271777, 28.54355400696864, 1.8397212543554007, 9.846153846153847, 9.99938968568813, 32.0,
371, 0.5079365079365079, 0.5079365079365079, 32.507936507936506, 9.142857142857142, 9.142857142857142, 32.0,
372, 16.253968253968253, 0.5079365079365079, 8.380952380952381, 9.990243902439024, 9.142857142857142, 32.0,
373, 0.89198606271777, 28.54355400696864, 1.8397212543554007, 9.846153846153847, 9.999771123402633, 32.0,
374, 0.89198606271777, 28.54355400696864, 1.8397212543554007, 9.846153846153847, 9.99938968568813, 32.0,
375, 0.89198606271777, 28.54355400696864, 1.8397212543554007, 9.846153846153847, 9.99938968568813, 32.0,
376, 0.89198606271777, 28.54355400696864, 1.8397212543554007, 9.846153846153847, 9.99938968568813, 32.0,
377, 0.5079365079365079, 0.5079365079365079, 32.507936507936506, 9.142857142857142, 9.142857142857142, 32.0,
378, 16.253968253968253, 0.5079365079365079, 8.380952380952381, 9.990243902439024, 9.142857142857142, 32.0,
379, 0.89198606271777, 28.54355400696864, 1.8397212543554007, 9.846153846153847, 9.999771123402633, 32.0,
380, 0.89198606271777, 28.54355400696864, 1.8397212543554007, 9.846153846153847, 9.99938968568813, 32.0,
381, 0.89198606271777, 28.54355400696864, 1.8397212543554007, 9.846153846153847, 9.99938968568813, 32.0,
382, 0.89198606271777, 28.54355400696864, 1.8397212543554007, 9.846153846153847, 9.99938968568813, 32.0,
383, 0.5079365079365079, 0.5079365079365079, 32.507936507936506, 9.142857142857142, 9.142857142857142, 32.0,
384, 16.253968253968253, 0.5079365079365079, 8.380952380952381, 9.990243902439024, 9.142857142857142, 32.0,
385, 0.89198606271777, 28.54355400696864, 1.8397212543554007, 9.846153846153847, 9.999771123402633, 32.0,
386, 0.89198606271777, 28.54355400696864, 1.8397212543554007, 9.846153846153847, 9.99938968568813, 32.0,
387, 0.89198606271777, 28.54355400696864, 1.8397212543554007, 9.846153846153847, 9.99938968568813, 32.0,
388, 0.89198606271777, 28.54355400696864, 1.8397212543554007, 9.846153846153847, 9.99938968568813, 32.0,
389, 0.5079365079365079, 0.5079365079365079, 32.507936507936506, 9.142857142857142, 9.142857142857142, 32.0,
390, 16.253968253968253, 0.5079365079365079, 8.380952380952381, 9.990243902439024, 9.142857142857142, 32.0,
391, 0.89198606271777, 28.54355400696864, 1.8397212543554007, 9.846153846153847, 9.999771123402633, 32.0,
392, 0.89198606271777, 28.54355400696864, 1.8397212543554007, 9.846153846153847, 9.99938968568813, 32.0,
393, 0.89198606271777, 28.54355400696864, 1.8397212543554007, 9.846153846153847, 9.99938968568813, 32.0,
394, 0.89198606271777, 28.54355400696864, 1.8397212543554007, 9.846153846153847, 9.99938968568813, 32.0,
395, 0.5079365079365079, 0.5079365079365079, 32.507936507936506, 9.142857142857142, 9.142857142857142, 32.0,
396, 16.253968253968253, 0.5079365079365079, 8.380952380952381, 9.990243902439024, 9.142857142857142, 32.0,
397, 0.89198606271777, 28.54355400696864, 1.8397212543554007, 9.846153846153847, 9.999771123402633, 32.0,
398, 0.89198606271777, 28.54355400696864, 1.8397212543554007, 9.846153846153847, 9.999961853172863, 32.0,
399, 0.9706161137440759, 31.059715639810427, 0.500473933649289, 9.99938968568813, 9.999961853172863, 32.0,
400, 0.89198606271777, 28.54355400696864, 1.8397212543554007, 9.846153846153847, 9.99938968568813, 32.0,
401, 0.89198606271777, 28.54355400696864, 1.8397212543554007, 9.846153846153847, 9.99938968568813, 32.0,
402, 0.89198606271777, 28.54355400696864, 1.8397212543554007, 9.846153846153847, 9.99938968568813, 32.0,
403, 0.5079365079365079, 0.5079365079365079, 32.507936507936506, 9.142857142857142, 9.142857142857142, 32.0,
404, 16.253968253968253, 0.5079365079365079, 8.380952380952381, 9.990243902439024, 9.142857142857142, 32.0,
405, 0.89198606271777, 28.54355400696864, 1.8397212543554007, 9.846153846153847, 9.999771123402633, 32.0,
406, 0.89198606271777, 28.54355400696864, 1.8397212543554007, 9.846153846153847, 9.99938968568813, 32.0,
407, 0.89198606271777, 28.54355400696864, 1.8397212543554007, 9.846153846153847, 9.99938968568813, 32.0,
408, 0.89198606271777, 28.54355400696864, 1.8397212543554007, 9.846153846153847, 9.99938968568813, 32.0,
409, 0.5079365079365079, 0.5079365079365079, 32.507936507936506, 9.142857142857142, 9.142857142857142, 32.0,
410, 16.253968253968253, 0.5079365079365079, 8.380952380952381, 9.990243902439024, 9.142857142857142, 32.0,
411, 0.89198606271777, 28.54355400696864, 1.8397212543554007, 9.846153846153847, 9.999771123402633, 32.0,
412, 0.89198606271777, 28.54355400696864, 1.8397212543554007, 9.846153846153847, 9.99938968568813, 32.0,
413, 0.89198606271777, 28.54355400696864, 1.8397212543554007, 9.846153846153847, 9.99938968568813, 32.0,
414, 0.89198606271777, 28.54355400696864, 1.8397212543554007, 9.846153846153847, 9.99938968568813, 32.0,
415, 0.5079365079365079, 0.5079365079365079, 32.507936507936506, 9.142857142857142, 9.142857142857142, 32.0,
416, 16.253968253968253, 0.5079365079365079, 8.380952380952381, 9.990243902439024, 9.142857142857142, 32.0,
417, 0.89198606271777, 28.54355400696864, 1.8397212543554007, 9.846153846153847, 9.999771123402633, 32.0,
418, 0.89198606271777, 28.54355400696864, 1.8397212543554007, 9.846153846153847, 9.99938968568813, 32.0,
419, 0.89198606271777, 28.54355400696864, 1.8397212543554007, 9.846153846153847, 9.99938968568813, 32.0,
420, 0.89198606271777, 28.54355400696864, 1.8397212543554007, 9.846153846153847, 9.99938968568813, 32.0,
421, 0.5079365079365079, 0.5079365079365079, 32.507936507936506, 9.142857142857142, 9.142857142857142, 32.0,
422, 16.253968253968253, 0.5079365079365079, 8.380952380952381, 9.990243902439024, 9.142857142857142, 32.0,
423, 0.89198606271777, 28.54355400696864, 1.8397212543554007, 9.846153846153847, 9.999771123402633, 32.0,
424, 0.89198606271777, 28.54355400696864, 1.8397212543554007, 9.846153846153847, 9.99938968568813, 32.0,
425, 0.89198606271777, 28.54355400696864, 1.8397212543554007, 9.846153846153847, 9.99938968568813, 32.0,
426, 0.89198606271777, 28.54355400696864, 1.8397212543554007, 9.846153846153847, 9.99938968568813, 32.0,
427, 0.5079365079365079, 0.5079365079365079, 32.507936507936506, 9.142857142857142, 9.142857142857142, 32.0,
428, 16.253968253968253, 0.5079365079365079, 8.380952380952381, 9.990243902439024, 9.142857142857142, 32.0,
429, 0.89198606271777, 28.54355400696864, 1.8397212543554007, 9.846153846153847, 9.999771123402633, 32.0,
430, 0.89198606271777, 28.54355400696864, 1.8397212543554007, 9.846153846153847, 9.99938968568813, 32.0,
431, 0.89198606271777, 28.54355400696864, 1.8397212543554007, 9.846153846153847, 9.99938968568813, 32.0,
432, 0.89198606271777, 28.54355400696864, 1.8397212543554007, 9.846153846153847, 9.99938968568813, 32.0,
433, 0.5079365079365079, 0.5079365079365079, 32.507936507936506, 9.142857142857142, 9.142857142857142, 32.0,
434, 16.253968253968253, 0.5079365079365079, 8.380952380952381, 9.990243902439024, 9.142857142857142, 32.0,
435, 0.89198606271777, 28.54355400696864, 1.8397212543554007, 9.846153846153847, 9.999771123402633, 32.0,
436, 0.89198606271777, 28.54355400696864, 1.8397212543554007, 9.846153846153847, 9.99938968568813, 32.0,
437, 0.89198606271777, 28.54355400696864, 1.8397212543554007, 9.846153846153847, 9.99938968568813, 32.0,
438, 0.89198606271777, 28.54355400696864, 1.8397212543554007, 9.846153846153847, 9.99938968568813, 32.0,
439, 0.5079365079365079, 0.5079365079365079, 32.507936507936506, 9.142857142857142, 9.142857142857142, 32.0,
440, 16.253968253968253, 0.5079365079365079, 8.380952380952381, 9.990243902439024, 9.142857142857142, 32.0,
441, 0.89198606271777, 28.54355400696864, 1.8397212543554007, 9.846153846153847, 9.999771123402633, 32.0,
442, 0.89198606271777, 28.54355400696864, 1.8397212543554007, 9.846153846153847, 9.99938968568813, 32.0,
443, 0.89198606271777, 28.54355400696864, 1.8397212543554007, 9.846153846153847, 9.99938968568813, 32.0,
444, 0.89198606271777, 28.54355400696864, 1.8397212543554007, 9.846153846153847, 9.99938968568813, 32.0,
445, 0.5079365079365079, 0.5079365079365079, 32.507936507936506, 9.142857142857142, 9.142857142857142, 32.0,
446, 16.253968253968253, 0.5079365079365079, 8.380952380952381, 9.990243902439024, 9.142857142857142, 32.0,
447, 0.89198606271777, 28.54355400696864, 1.8397212543554007, 9.846153846153847, 9.999771123402633, 32.0,
448, 0.89198606271777, 28.54355400696864, 1.8397212543554007, 9.846153846153847, 9.99938968568813, 32.0,
449, 0.89198606271777, 28.54355400696864, 1.8397212543554007, 9.846153846153847, 9.99938968568813, 32.0,
450, 0.89198606271777, 28.54355400696864, 1.8397212543554007, 9.846153846153847, 9.99938968568813, 32.0,
451, 0.5079365079365079, 0.5079365079365079, 32.507936507936506, 9.142857142857142, 9.142857142857142, 32.0,
452, 16.253968253968253, 0.5079365079365079, 8.380952380952381, 9.990243902439024, 9.142857142857142, 32.0,
453, 0.89198606271777, 28.54355400696864, 1.8397212543554007, 9.846153846153847, 9.999771123402633, 32.0,
454, 0.89198606271777, 28.54355400696864, 1.8397212543554007, 9.846153846153847, 9.99938968568813, 32.0,
455, 0.89198606271777, 28.54355400696864, 1.8397212543554007, 9.846153846153847, 9.99938968568813, 32.0,
456, 0.89198606271777, 28.54355400696864, 1.8397212543554007, 9.846153846153847, 9.99938968568813, 32.0,
457, 0.5079365079365079, 0.5079365079365079, 32.507936507936506, 9.142857142857142, 9.142857142857142, 32.0,
458, 16.253968253968253, 0.5079365079365079, 8.380952380952381, 9.990243902439024, 9.142857142857142, 32.0,
459, 0.89198606271777, 28.54355400696864, 1.8397212543554007, 9.846153846153847, 9.999771123402633, 32.0,
460, 0.89198606271777, 28.54355400696864, 1.8397212543554007, 9.846153846153847, 9.99938968568813, 32.0,
461, 0.89198606271777, 28.54355400696864, 1.8397212543554007, 9.846153846153847, 9.99938968568813, 32.0,
462, 0.89198606271777, 28.54355400696864, 1.8397212543554007, 9.846153846153847, 9.99938968568813, 32.0,
463, 0.5079365079365079, 0.5079365079365079, 32.507936507936506, 9.142857142857142, 9.142857142857142, 32.0,
464, 16.253968253968253, 0.5079365079365079, 8.380952380952381, 9.990243902439024, 9.142857142857142, 32.0,
465, 0.89198606271777, 28.54355400696864, 1.8397212543554007, 9.846153846153847, 9.999771123402633, 32.0,
466, 0.89198606271777, 28.54355400696864, 1.8397212543554007, 9.846153846153847, 9.99938968568813, 32.0,
467, 0.89198606271777, 28.54355400696864, 1.8397212543554007, 9.846153846153847, 9.99938968568813, 32.0,
468, 0.89198606271777, 28.54355400696864, 1.8397212543554007, 9.846153846153847, 9.99938968568813, 32.0,
469, 0.5079365079365079, 0.5079365079365079, 32.507936507936506, 9.142857142857142, 9.142857142857142, 32.0,
470, 16.253968253968253, 0.5079365079365079, 8.380952380952381, 9.990243902439024, 9.142857142857142, 32.0,
471, 0.89198606271777, 28.54355400696864, 1.8397212543554007, 9.846153846153847, 9.999771123402633, 32.0,
472, 0.89198606271777, 28.54355400696864, 1.8397212543554007, 9.846153846153847, 9.99938968568813, 32.0,
473, 0.89198606271777, 28.54355400696864, 1.8397212543554007, 9.846153846153847, 9.99938968568813, 32.0,
474, 0.89198606271777, 28.54355400696864, 1.8397212543554007, 9.846153846153847, 9.99938968568813, 32.0,
475, 0.5079365079365079, 0.5079365079365079, 32.507936507936506, 9.142857142857142, 9.142857142857142, 32.0,
476, 16.253968253968253, 0.5079365079365079, 8.380952380952381, 9.990243902439024, 9.142857142857142, 32.0,
477, 0.89198606271777, 28.54355400696864, 1.8397212543554007, 9.846153846153847, 9.999771123402633, 32.0,
478, 0.89198606271777, 28.54355400696864, 1.8397212543554007, 9.846153846153847, 9.99938968568813, 32.0,
479, 0.89198606271777, 28.54355400696864, 1.8397212543554007, 9.846153846153847, 9.99938968568813, 32.0,
480, 0.89198606271777, 28.54355400696864, 1.8397212543554007, 9.846153846153847, 9.99938968568813, 32.0,
481, 0.5079365079365079, 0.5079365079365079, 32.507936507936506, 9.142857142857142, 9.142857142857142, 32.0,
482, 16.253968253968253, 0.5079365079365079, 8.380952380952381, 9.990243902439024, 9.142857142857142, 32.0,
483, 0.89198606271777, 28.54355400696864, 1.8397212543554007, 9.846153846153847, 9.999771123402633, 32.0,
484, 0.89198606271777, 28.54355400696864, 1.8397212543554007, 9.846153846153847, 9.99938968568813, 32.0,
485, 0.89198606271777, 28.54355400696864, 1.8397212543554007, 9.846153846153847, 9.99938968568813, 32.0,
486, 0.89198606271777, 28.54355400696864, 1.8397212543554007, 9.846153846153847, 9.99938968568813, 32.0,
487, 0.5079365079365079, 0.5079365079365079, 32.507936507936506, 9.142857142857142, 9.142857142857142, 32.0,
488, 16.253968253968253, 0.5079365079365079, 8.380952380952381, 9.990243902439024, 9.142857142857142, 32.0,
489, 0.89198606271777, 28.54355400696864, 1.8397212543554007, 9.846153846153847, 9.999771123402633, 32.0,
490, 0.89198606271777, 28.54355400696864, 1.8397212543554007, 9.846153846153847, 9.99938968568813, 32.0,
491, 0.89198606271777, 28.54355400696864, 1.8397212543554007, 9.846153846153847, 9.99938968568813, 32.0,
492, 0.89198606271777, 28.54355400696864, 1.8397212543554007, 9.846153846153847, 9.99938968568813, 32.0,
493, 0.5079365079365079, 0.5079365079365079, 32.507936507936506, 9.142857142857142, 9.142857142857142, 32.0,
494, 16.253968253968253, 0.5079365079365079, 8.380952380952381, 9.990243902439024, 9.142857142857142, 32.0,
495, 0.89198606271777, 28.54355400696864, 1.8397212543554007, 9.846153846153847, 9.999771123402633, 32.0,
496, 0.89198606271777, 28.54355400696864, 1.8397212543554007, 9.846153846153847, 9.999961853172863, 32.0,
497, 0.9706161137440759, 31.059715639810427, 0.500473933649289, 9.99938968568813, 9.999961853172863, 32.0,
498, 0.89198606271777, 28.54355400696864, 1.8397212543554007, 9.846153846153847, 9.99938968568813, 32.0,
499, 0.89198606271777, 28.54355400696864, 1.8397212543554007, 9.846153846153847, 9.99938968568813, 32.0,
500, 0.89198606271777, 28.54355400696864, 1.8397212543554007, 9.846153846153847, 9.99938968568813, 32.0,
501, 0.5079365079365079, 0.5079365079365079, 32.507936507936506, 9.142857142857142, 9.142857142857142, 32.0,
502, 16.253968253968253, 0.5079365079365079, 8.380952380952381, 9.990243902439024, 9.142857142857142, 32.0,
503, 0.89198606271777, 28.54355400696864, 1.8397212543554007, 9.846153846153847, 9.999771123402633, 32.0,
504, 0.89198606271777, 28.54355400696864, 1.8397212543554007, 9.846153846153847, 9.99938968568813, 32.0,
505, 0.89198606271777, 28.54355400696864, 1.8397212543554007, 9.846153846153847, 9.99938968568813, 32.0,
506, 0.89198606271777, 28.54355400696864, 1.8397212543554007, 9.846153846153847, 9.99938968568813, 32.0,
507, 0.5079365079365079, 0.5079365079365079, 32.507936507936506, 9.142857142857142, 9.142857142857142, 32.0,
508, 16.253968253968253, 0.5079365079365079, 8.380952380952381, 9.990243902439024, 9.142857142857142, 32.0,
509, 0.89198606271777, 28.54355400696864, 1.8397212543554007, 9.846153846153847, 9.999771123402633, 32.0,
510, 0.89198606271777, 28.54355400696864, 1.8397212543554007, 9.846153846153847, 9.99938968568813, 32.0,
511, 0.89198606271777, 28.54355400696864, 1.8397212543554007, 9.846153846153847, 9.99938968568813, 32.0,
512, 0.89198606271777, 28.54355400696864, 1.8397212543554007, 9.846153846153847, 9.99938968568813, 32.0,
513, 0.5079365079365079, 0.5079365079365079, 32.507936507936506, 9.142857142857142, 9.142857142857142, 32.0,
514, 16.253968253968253, 0.5079365079365079, 8.380952380952381, 9.990243902439024, 9.142857142857142, 32.0,
515, 0.89198606271777, 28.54355400696864, 1.8397212543554007, 9.846153846153847, 9.999771123402633, 32.0,
516, 0.89198606271777, 28.54355400696864, 1.8397212543554007, 9.846153846153847, 9.99938968568813, 32.0,
517, 0.89198606271777, 28.54355400696864, 1.8397212543554007, 9.846153846153847, 9.99938968568813, 32.0,
518, 0.89198606271777, 28.54355400696864, 1.8397212543554007, 9.846153846153847, 9.99938968568813, 32.0,
519, 0.5079365079365079, 0.5079365079365079, 32.507936507936506, 9.142857142857142, 9.142857142857142, 32.0,
520, 16.253968253968253, 0.5079365079365079, 8.380952380952381, 9.990243902439024, 9.142857142857142, 32.0,
521, 0.89198606271777, 28.54355400696864, 1.8397212543554007, 9.846153846153847, 9.999771123402633, 32.0,
522, 0.89198606271777, 28.54355400696864, 1.8397212543554007, 9.846153846153847, 9.99938968568813, 32.0,
523, 0.89198606271777, 28.54355400696864, 1.8397212543554007, 9.846153846153847, 9.99938968568813, 32.0,
524, 0.89198606271777, 28.54355400696864, 1.8397212543554007, 9.846153846153847, 9.99938968568813, 32.0,
525, 0.5079365079365079, 0.5079365079365079, 32.507936507936506, 9.142857142857142, 9.142857142857142, 32.0,
526, 16.253968253968253, 0.5079365079365079, 8.380952380952381, 9.990243902439024, 9.142857142857142, 32.0,
527, 0.89198606271777, 28.54355400696864, 1.8397212543554007, 9.846153846153847, 9.999771123402633, 32.0,
528, 0.89198606271777, 28.54355400696864, 1.8397212543554007, 9.846153846153847, 9.99938968568813, 32.0,
529, 0.89198606271777, 28.54355400696864, 1.8397212543554007, 9.846153846153847, 9.99938968568813, 32.0,
530, 0.89198606271777, 28.54355400696864, 1.8397212543554007, 9.846153846153847, 9.99938968568813, 32.0,
531, 0.5079365079365079, 0.5079365079365079, 32.507936507936506, 9.142857142857142, 9.142857142857142, 32.0,
532, 16.253968253968253, 0.5079365079365079, 8.380952380952381, 9.990243902439024, 9.142857142857142, 32.0,
533, 0.89198606271777, 28.54355400696864, 1.8397212543554007, 9.846153846153847, 9.999771123402633, 32.0,
534, 0.89198606271777, 28.54355400696864, 1.8397212543554007, 9.846153846153847, 9.99938968568813, 32.0,
535, 0.89198606271777, 28.54355400696864, 1.8397212543554007, 9.846153846153847, 9.99938968568813, 32.0,
536, 0.89198606271777, 28.54355400696864, 1.8397212543554007, 9.846153846153847, 9.99938968568813, 32.0,
537, 0.5079365079365079, 0.5079365079365079, 32.507936507936506, 9.142857142857142, 9.142857142857142, 32.0,
538, 16.253968253968253, 0.5079365079365079, 8.380952380952381, 9.990243902439024, 9.142857142857142, 32.0,
539, 0.89198606271777, 28.54355400696864, 1.8397212543554007, 9.846153846153847, 9.999771123402633, 32.0,
540, 0.89198606271777, 28.54355400696864, 1.8397212543554007, 9.846153846153847, 9.99938968568813, 32.0,
541, 0.89198606271777, 28.54355400696864, 1.8397212543554007, 9.846153846153847, 9.99938968568813, 32.0,
542, 0.89198606271777, 28.54355400696864, 1.8397212543554007, 9.846153846153847, 9.99938968568813, 32.0,
543, 0.5079365079365079, 0.5079365079365079, 32.507936507936506, 9.142857142857142, 9.142857142857142, 32.0,
544, 16.253968253968253, 0.5079365079365079, 8.380952380952381, 9.990243902439024, 9.142857142857142, 32.0,
545, 0.89198606271777, 28.54355400696864, 1.8397212543554007, 9.846153846153847, 9.999771123402633, 32.0,
546, 0.89198606271777, 28.54355400696864, 1.8397212543554007, 9.846153846153847, 9.99938968568813, 32.0,
547, 0.89198606271777, 28.54355400696864, 1.8397212543554007, 9.846153846153847, 9.99938968568813, 32.0,
548, 0.89198606271777, 28.54355400696864, 1.8397212543554007, 9.846153846153847, 9.99938968568813, 32.0,
549, 0.5079365079365079, 0.5079365079365079, 32.507936507936506, 9.142857142857142, 9.142857142857142, 32.0,
550, 16.253968253968253, 0.5079365079365079, 8.380952380952381, 9.990243902439024, 9.142857142857142, 32.0,
551, 0.89198606271777, 28.54355400696864, 1.8397212543554007, 9.846153846153847, 9.999771123402633, 32.0,
552, 0.89198606271777, 28.54355400696864, 1.8397212543554007, 9.846153846153847, 9.99938968568813, 32.0,
553, 0.89198606271777, 28.54355400696864, 1.8397212543554007, 9.846153846153847, 9.99938968568813, 32.0,
554, 0.89198606271777, 28.54355400696864, 1.8397212543554007, 9.846153846153847, 9.99938968568813, 32.0,
555, 0.5079365079365079, 0.5079365079365079, 32.507936507936506, 9.142857142857142, 9.142857142857142, 32.0,
556, 16.253968253968253, 0.5079365079365079, 8.380952380952381, 9.990243902439024, 9.142857142857142, 32.0,
557, 0.89198606271777, 28.54355400696864, 1.8397212543554007, 9.846153846153847, 9.999771123402633, 32.0,
558, 0.89198606271777, 28.54355400696864, 1.8397212543554007, 9.846153846153847, 9.99938968568813, 32.0,
559, 0.89198606271777, 28.54355400696864, 1.8397212543554007, 9.846153846153847, 9.99938968568813, 32.0,
560, 0.89198606271777, 28.54355400696864, 1.8397212543554007, 9.846153846153847, 9.99938968568813, 32.0,
561, 0.5079365079365079, 0.5079365079365079, 32.507936507936506, 9.142857142857142, 9.142857142857142, 32.0,
562, 16.253968253968253, 0.5079365079365079, 8.380952380952381, 9.990243902439024, 9.142857142857142, 32.0,
563, 0.89198606271777, 28.54355400696864, 1.8397212543554007, 9.846153846153847, 9.999771123402633, 32.0,
564, 0.89198606271777, 28.54355400696864, 1.8397212543554007, 9.846153846153847, 9.99938968568813, 32.0,
565, 0.89198606271777, 28.54355400696864, 1.8397212543554007, 9.846153846153847, 9.99938968568813, 32.0,
566, 0.89198606271777, 28.54355400696864, 1.8397212543554007, 9.846153846153847, 9.99938968568813, 32.0,
567, 0.5079365079365079, 0.5079365079365079, 32.507936507936506, 9.142857142857142, 9.142857142857142, 32.0,
568, 16.253968253968253, 0.5079365079365079, 8.380952380952381, 9.990243902439024, 9.142857142857142, 32.0,
569, 0.89198606271777, 28.54355400696864, 1.8397212543554007, 9.846153846153847, 9.999771123402633, 32.0,
570, 0.89198606271777, 28.54355400696864, 1.8397212543554007, 9.846153846153847, 9.99938968568813, 32.0,
571, 0.89198606271777, 28.54355400696864, 1.8397212543554007, 9.846153846153847, 9.99938968568813, 32.0,
572, 0.89198606271777, 28.54355400696864, 1.8397212543554007, 9.846153846153847, 9.99938968568813, 32.0,
573, 0.5079365079365079, 0.5079365079365079, 32.507936507936506, 9.142857142857142, 9.142857142857142, 32.0,
574, 16.253968253968253, 0.5079365079365079, 8.380952380952381, 9.990243902439024, 9.142857142857142, 32.0,
575, 0.89198606271777, 28.54355400696864, 1.8397212543554007, 9.846153846153847, 9.999771123402633, 32.0,
576, 0.89198606271777, 28.54355400696864, 1.8397212543554007, 9.846153846153847, 9.99938968568813, 32.0,
577, 0.89198606271777, 28.54355400696864, 1.8397212543554007, 9.846153846153847, 9.99938968568813, 32.0,
578, 0.89198606271777, 28.54355400696864, 1.8397212543554007, 9.846153846153847, 9.99938968568813, 32.0,
579, 0.5079365079365079, 0.5079365079365079, 32.507936507936506, 9.142857142857142, 9.142857142857142, 32.0,
580, 16.253968253968253, 0.5079365079365079, 8.380952380952381, 9.990243902439024, 9.142857142857142, 32.0,
581, 0.89198606271777, 28.54355400696864, 1.8397212543554007, 9.846153846153847, 9.999771123402633, 32.0,
582, 0.89198606271777, 28.54355400696864, 1.8397212543554007, 9.846153846153847, 9.99938968568813, 32.0,
583, 0.89198606271777, 28.54355400696864, 1.8397212543554007, 9.846153846153847, 9.99938968568813, 32.0,
584, 0.89198606271777, 28.54355400696864, 1.8397212543554007, 9.846153846153847, 9.99938968568813, 32.0,
585, 0.5079365079365079, 0.5079365079365079, 32.507936507936506, 9.142857142857142, 9.142857142857142, 32.0,
586, 16.253968253968253, 0.5079365079365079, 8.380952380952381, 9.990243902439024, 9.142857142857142, 32.0,
587, 0.89198606271777, 28.54355400696864, 1.8397212543554007, 9.846153846153847, 9.999771123402633, 32.0,
588, 0.89198606271777, 28.54355400696864, 1.8397212543554007, 9.846153846153847, 9.99938968568813, 32.0,
589, 0.89198606271777, 28.54355400696864, 1.8397212543554007, 9.846153846153847, 9.99938968568813, 32.0,
590, 0.89198606271777, 28.54355400696864, 1.8397212543554007, 9.846153846153847, 9.99938968568813, 32.0,
591, 0.5079365079365079, 0.5079365079365079, 32.507936507936506, 9.142857142857142, 9.142857142857142, 32.0,
592, 16.253968253968253, 0.5079365079365079, 8.380952380952381, 9.990243902439024, 9.142857142857142, 32.0,
593, 0.89198606271777, 28.54355400696864, 1.8397212543554007, 9.846153846153847, 9.999771123402633, 32.0,
594, 0.89198606271777, 28.54355400696864, 1.8397212543554007, 9.846153846153847, 9.999961853172863, 32.0,
595, 0.9706161137440759, 31.059715639810427, 0.500473933649289, 9.99938968568813, 9.999961853172863, 32.0,
596, 0.89198606271777, 28.54355400696864, 1.8397212543554007, 9.846153846153847, 9.99938968568813, 32.0,
597, 0.89198606271777, 28.54355400696864, 1.8397212543554007, 9.846153846153847, 9.99938968568813, 32.0,
598, 0.89198606271777, 28.54355400696864, 1.8397212543554007, 9.846153846153847, 9.99938968568813, 32.0,
599, 0.5079365079365079, 0.5079365079365079, 32.507936507936506, 9.142857142857142, 9.142857142857142, 32.0,
600, 16.253968253968253, 0.5079365079365079, 8.380952380952381, 9.990243902439024, 9.142857142857142, 32.0,
601, 0.89198606271777, 28.54355400696864, 1.8397212543554007, 9.846153846153847, 9.999771123402633, 32.0,
602, 0.89198606271777, 28.54355400696864, 1.8397212543554007, 9.846153846153847, 9.99938968568813, 32.0,
603, 0.89198606271777, 28.54355400696864, 1.8397212543554007, 9.846153846153847, 9.99938968568813, 32.0,
604, 0.89198606271777, 28.54355400696864, 1.8397212543554007, 9.846153846153847, 9.99938968568813, 32.0,
605, 0.5079365079365079, 0.5079365079365079, 32.507936507936506, 9.142857142857142, 9.142857142857142, 32.0,
606, 16.253968253968253, 0.5079365079365079, 8.380952380952381, 9.990243902439024, 9.142857142857142, 32.0,
607, 0.89198606271777, 28.54355400696864, 1.8397212543554007, 9.846153846153847, 9.999771123402633, 32.0,
608, 0.89198606271777, 28.54355400696864, 1.8397212543554007, 9.846153846153847, 9.99938968568813, 32.0,
609, 0.89198606271777, 28.54355400696864, 1.8397212543554007, 9.846153846153847, 9.99938968568813, 32.0,
610, 0.89198606271777, 28.54355400696864, 1.8397212543554007, 9.846153846153847, 9.99938968568813, 32.0,
611, 0.5079365079365079, 0.5079365079365079, 32.507936507936506, 9.142857142857142, 9.142857142857142, 32.0,
612, 16.253968253968253, 0.5079365079365079, 8.380952380952381, 9.990243902439024, 9.142857142857142, 32.0,
613, 0.89198606271777, 28.54355400696864, 1.8397212543554007, 9.846153846153847, 9.999771123402633, 32.0,
614, 0.89198606271777, 28.54355400696864, 1.8397212543554007, 9.846153846153847, 9.99938968568813, 32.0,
615, 0.89198606271777, 28.54355400696864, 1.8397212543554007, 9.846153846153847, 9.99938968568813, 32.0,
616, 0.89198606271777, 28.54355400696864, 1.8397212543554007, 9.846153846153847, 9.99938968568813, 32.0,
617, 0.5079365079365079, 0.5079365079365079, 32.507936507936506, 9.142857142857142, 9.142857142857142, 32.0,
618, 16.253968253968253, 0.5079365079365079, 8.380952380952381, 9.990243902439024, 9.142857142857142, 32.0,
619, 0.89198606271777, 28.54355400696864, 1.8397212543554007, 9.846153846153847, 9.999771123402633, 32.0,
620, 0.89198606271777, 28.54355400696864, 1.8397212543554007, 9.846153846153847, 9.99938968568813, 32.0,
621, 0.89198606271777, 28.54355400696864, 1.8397212543554007, 9.846153846153847, 9.99938968568813, 32.0,
622, 0.89198606271777, 28.54355400696864, 1.8397212543554007, 9.846153846153847, 9.99938968568813, 32.0,
623, 0.5079365079365079, 0.5079365079365079, 32.507936507936506, 9.142857142857142, 9.142857142857142, 32.0,
624, 16.253968253968253, 0.5079365079365079, 8.380952380952381, 9.990243902439024, 9.142857142857142, 32.0,
625, 0.89198606271777, 28.54355400696864, 1.8397212543554007, 9.846153846153847, 9.999771123402633, 32.0,
626, 0.89198606271777, 28.54355400696864, 1.8397212543554007, 9.846153846153847, 9.99938968568813, 32.0,
627, 0.89198606271777, 28.54355400696864, 1.8397212543554007, 9.846153846153847, 9.99938968568813, 32.0,
628, 0.89198606271777, 28.54355400696864, 1.8397212543554007, 9.846153846153847, 9.99938968568813, 32.0,
629, 0.5079365079365079, 0.5079365079365079, 32.507936507936506, 9.142857142857142, 9.142857142857142, 32.0,
630, 16.253968253968253, 0.5079365079365079, 8.380952380952381, 9.990243902439024, 9.142857142857142, 32.0,
631, 0.89198606271777, 28.54355400696864, 1.8397212543554007, 9.846153846153847, 9.999771123402633, 32.0,
632, 0.89198606271777, 28.54355400696864, 1.8397212543554007, 9.846153846153847, 9.99938968568813, 32.0,
633, 0.89198606271777, 28.54355400696864, 1.8397212543554007, 9.846153846153847, 9.99938968568813, 32.0,
634, 0.89198606271777, 28.54355400696864, 1.8397212543554007, 9.846153846153847, 9.99938968568813, 32.0,
635, 0.5079365079365079, 0.5079365079365079, 32.507936507936506, 9.142857142857142, 9.142857142857142, 32.0,
636, 16.253968253968253, 0.5079365079365079, 8.380952380952381, 9.990243902439024, 9.142857142857142, 32.0,
637, 0.89198606271777, 28.54355400696864, 1.8397212543554007, 9.846153846153847, 9.999771123402633, 32.0,
638, 0.89198606271777, 28.54355400696864, 1.8397212543554007, 9.846153846153847, 9.99938968568813, 32.0,
639, 0.89198606271777, 28.54355400696864, 1.8397212543554007, 9.846153846153847, 9.99938968568813, 32.0,
640, 0.89198606271777, 28.54355400696864, 1.8397212543554007, 9.846153846153847, 9.99938968568813, 32.0,
641, 0.5079365079365079, 0.5079365079365079, 32.507936507936506, 9.142857142857142, 9.142857142857142, 32.0,
642, 16.253968253968253, 0.5079365079365079, 8.380952380952381, 9.990243902439024, 9.142857142857142, 32.0,
643, 0.89198606271777, 28.54355400696864, 1.8397212543554007, 9.846153846153847, 9.999771123402633, 32.0,
644, 0.89198606271777, 28.54355400696864, 1.8397212543554007, 9.846153846153847, 9.99938968568813, 32.0,
645, 0.89198606271777, 28.54355400696864, 1.8397212543554007, 9.846153846153847, 9.99938968568813, 32.0,
646, 0.89198606271777, 28.54355400696864, 1.8397212543554007, 9.846153846153847, 9.99938968568813, 32.0,
647, 0.5079365079365079, 0.5079365079365079, 32.507936507936506, 9.142857142857142, 9.142857142857142, 32.0,
648, 16.253968253968253, 0.5079365079365079, 8.380952380952381, 9.990243902439024, 9.142857142857142, 32.0,
649, 0.89198606271777, 28.54355400696864, 1.8397212543554007, 9.846153846153847, 9.999771123402633, 32.0,
650, 0.89198606271777, 28.54355400696864, 1.8397212543554007, 9.846153846153847, 9.99938968568813, 32.0,
651, 0.89198606271777, 28.54355400696864, 1.8397212543554007, 9.846153846153847, 9.99938968568813, 32.0,
652, 0.89198606271777, 28.54355400696864, 1.8397212543554007, 9.846153846153847, 9.99938968568813, 32.0,
653, 0.5079365079365079, 0.5079365079365079, 32.507936507936506, 9.142857142857142, 9.142857142857142, 32.0,
654, 16.253968253968253, 0.5079365079365079, 8.380952380952381, 9.990243902439024, 9.142857142857142, 32.0,
655, 0.89198606271777, 28.54355400696864, 1.8397212543554007, 9.846153846153847, 9.999771123402633, 32.0,
656, 0.89198606271777, 28.54355400696864, 1.8397212543554007, 9.846153846153847, 9.99938968568813, 32.0,
657, 0.89198606271777, 28.54355400696864, 1.8397212543554007, 9.846153846153847, 9.99938968568813, 32.0,
658, 0.89198606271777, 28.54355400696864, 1.8397212543554007, 9.846153846153847, 9.99938968568813, 32.0,
659, 0.5079365079365079, 0.5079365079365079, 32.507936507936506, 9.142857142857142, 9.142857142857142, 32.0,
660, 16.253968253968253, 0.5079365079365079, 8.380952380952381, 9.990243902439024, 9.142857142857142, 32.0,
661, 0.89198606271777, 28.54355400696864, 1.8397212543554007, 9.846153846153847, 9.999771123402633, 32.0,
662, 0.89198606271777, 28.54355400696864, 1.8397212543554007, 9.846153846153847, 9.99938968568813, 32.0,
663, 0.89198606271777, 28.54355400696864, 1.8397212543554007, 9.846153846153847, 9.99938968568813, 32.0,
664, 0.89198606271777, 28.54355400696864, 1.8397212543554007, 9.846153846153847, 9.99938968568813, 32.0,
665, 0.5079365079365079, 0.5079365079365079, 32.507936507936506, 9.142857142857142, 9.142857142857142, 32.0,
666, 16.253968253968253, 0.5079365079365079, 8.380952380952381, 9.990243902439024, 9.142857142857142, 32.0,
667, 0.89198606271777, 28.54355400696864, 1.8397212543554007, 9.846153846153847, 9.999771123402633, 32.0,
668, 0.89198606271777, 28.54355400696864, 1.8397212543554007, 9.846153846153847, 9.99938968568813, 32.0,
669, 0.89198606271777, 28.54355400696864, 1.8397212543554007, 9.846153846153847, 9.99938968568813, 32.0,
670, 0.89198606271777, 28.54355400696864, 1.8397212543554007, 9.846153846153847, 9.99938968568813, 32.0,
671, 0.5079365079365079, 0.5079365079365079, 32.507936507936506, 9.142857142857142, 9.142857142857142, 32.0,
672, 16.253968253968253, 0.5079365079365079, 8.380952380952381, 9.990243902439024, 9.142857142857142, 32.0,
673, 0.89198606271777, 28.54355400696864, 1.8397212543554007, 9.846153846153847, 9.999771123402633, 32.0,
674, 0.89198606271777, 28.54355400696864, 1.8397212543554007, 9.846153846153847, 9.99938968568813, 32.0,
675, 0.89198606271777, 28.54355400696864, 1.8397212543554007, 9.846153846153847, 9.99938968568813, 32.0,
676, 0.89198606271777, 28.54355400696864, 1.8397212543554007, 9.846153846153847, 9.99938968568813, 32.0,
677, 0.5079365079365079, 0.5079365079365079, 32.507936507936506, 9.142857142857142, 9.142857142857142, 32.0,
678, 16.253968253968253, 0.5079365079365079, 8.380952380952381, 9.990243902439024, 9.142857142857142, 32.0,
679, 0.89198606271777, 28.54355400696864, 1.8397212543554007, 9.846153846153847, 9.999771123402633, 32.0,
680, 0.89198606271777, 28.54355400696864, 1.8397212543554007, 9.846153846153847, 9.99938968568813, 32.0,
681, 0.89198606271777, 28.54355400696864, 1.8397212543554007, 9.846153846153847, 9.99938968568813, 32.0,
682, 0.89198606271777, 28.54355400696864, 1.8397212543554007, 9.846153846153847, 9.99938968568813, 32.0,
683, 0.5079365079365079, 0.5079365079365079, 32.507936507936506, 9.142857142857142, 9.142857142857142, 32.0,
684, 16.253968253968253, 0.5079365079365079, 8.380952380952381, 9.990243902439024, 9.142857142857142, 32.0,
685, 0.89198606271777, 28.54355400696864, 1.8397212543554007, 9.846153846153847, 9.999771123402633, 32.0,
686, 0.89198606271777, 28.54355400696864, 1.8397212543554007, 9.846153846153847, 9.99938968568813, 32.0,
687, 0.89198606271777, 28.54355400696864, 1.8397212543554007, 9.846153846153847, 9.99938968568813, 32.0,
688, 0.89198606271777, 28.54355400696864, 1.8397212543554007, 9.846153846153847, 9.99938968568813, 32.0,
689, 0.5079365079365079, 0.5079365079365079, 32.507936507936506, 9.142857142857142, 9.142857142857142, 32.0,
690, 16.253968253968253, 0.5079365079365079, 8.380952380952381, 9.990243902439024, 9.142857142857142, 32.0,
691, 0.89198606271777, 28.54355400696864, 1.8397212543554007, 9.846153846153847, 9.999771123402633, 32.0,
692, 0.89198606271777, 28.54355400696864, 1.8397212543554007, 9.846153846153847, 9.999961853172863, 32.0,
693, 0.9706161137440759, 31.059715639810427, 0.500473933649289, 9.99938968568813, 9.999961853172863, 32.0,
694, 0.89198606271777, 28.54355400696864, 1.8397212543554007, 9.846153846153847, 9.99938968568813, 32.0,
695, 0.89198606271777, 28.54355400696864, 1.8397212543554007, 9.846153846153847, 9.99938968568813, 32.0,
696, 0.89198606271777, 28.54355400696864, 1.8397212543554007, 9.846153846153847, 9.99938968568813, 32.0,
697, 0.5079365079365079, 0.5079365079365079, 32.507936507936506, 9.142857142857142, 9.142857142857142, 32.0,
698, 16.253968253968253, 0.5079365079365079, 8.380952380952381, 9.990243902439024, 9.142857142857142, 32.0,
699, 0.89198606271777, 28.54355400696864, 1.8397212543554007, 9.846153846153847, 9.999771123402633, 32.0,
700, 0.89198606271777, 28.54355400696864, 1.8397212543554007, 9.846153846153847, 9.99938968568813, 32.0,
701, 0.89198606271777, 28.54355400696864, 1.8397212543554007, 9.846153846153847, 9.99938968568813, 32.0,
702, 0.89198606271777, 28.54355400696864, 1.8397212543554007, 9.846153846153847, 9.99938968568813, 32.0,
703, 0.5079365079365079, 0.5079365079365079, 32.507936507936506, 9.142857142857142, 9.142857142857142, 32.0,
704, 16.253968253968253, 0.5079365079365079, 8.380952380952381, 9.990243902439024, 9.142857142857142, 32.0,
705, 0.89198606271777, 28.54355400696864, 1.8397212543554007, 9.846153846153847, 9.999771123402633, 32.0,
706, 0.89198606271777, 28.54355400696864, 1.8397212543554007, 9.846153846153847, 9.99938968568813, 32.0,
707, 0.89198606271777, 28.54355400696864, 1.8397212543554007, 9.846153846153847, 9.99938968568813, 32.0,
708, 0.89198606271777, 28.54355400696864, 1.8397212543554007, 9.846153846153847, 9.99938968568813, 32.0,
709, 0.5079365079365079, 0.5079365079365079, 32.507936507936506, 9.142857142857142, 9.142857142857142, 32.0,
710, 16.253968253968253, 0.5079365079365079, 8.380952380952381, 9.990243902439024, 9.142857142857142, 32.0,
711, 0.89198606271777, 28.54355400696864, 1.8397212543554007, 9.846153846153847, 9.999771123402633, 32.0,
712, 0.89198606271777, 28.54355400696864, 1.8397212543554007, 9.846153846153847, 9.99938968568813, 32.0,
713, 0.89198606271777, 28.54355400696864, 1.8397212543554007, 9.846153846153847, 9.99938968568813, 32.0,
714, 0.89198606271777, 28.54355400696864, 1.8397212543554007, 9.846153846153847, 9.99938968568813, 32.0,
715, 0.5079365079365079, 0.5079365079365079, 32.507936507936506, 9.142857142857142, 9.142857142857142, 32.0,
716, 16.253968253968253, 0.5079365079365079, 8.380952380952381, 9.990243902439024, 9.142857142857142, 32.0,
717, 0.89198606271777, 28.54355400696864, 1.8397212543554007, 9.846153846153847, 9.999771123402633, 32.0,
718, 0.89198606271777, 28.54355400696864, 1.8397212543554007, 9.846153846153847, 9.99938968568813, 32.0,
719, 0.89198606271777, 28.54355400696864, 1.8397212543554007, 9.846153846153847, 9.99938968568813, 32.0,
720, 0.89198606271777, 28.54355400696864, 1.8397212543554007, 9.846153846153847, 9.99938968568813, 32.0,
721, 0.5079365079365079, 0.5079365079365079, 32.507936507936506, 9.142857142857142, 9.142857142857142, 32.0,
722, 16.253968253968253, 0.5079365079365079, 8.380952380952381, 9.990243902439024, 9.142857142857142, 32.0,
723, 0.89198606271777, 28.54355400696864, 1.8397212543554007, 9.846153846153847, 9.999771123402633, 32.0,
724, 0.89198606271777, 28.54355400696864, 1.8397212543554007, 9.846153846153847, 9.99938968568813, 32.0,
725, 0.89198606271777, 28.54355400696864, 1.8397212543554007, 9.846153846153847, 9.99938968568813, 32.0,
726, 0.89198606271777, 28.54355400696864, 1.8397212543554007, 9.846153846153847, 9.99938968568813, 32.0,
727, 0.5079365079365079, 0.5079365079365079, 32.507936507936506, 9.142857142857142, 9.142857142857142, 32.0,
728, 16.253968253968253, 0.5079365079365079, 8.380952380952381, 9.990243902439024, 9.142857142857142, 32.0,
729, 0.89198606271777, 28.54355400696864, 1.8397212543554007, 9.846153846153847, 9.999771123402633, 32.0,
730, 0.89198606271777, 28.54355400696864, 1.8397212543554007, 9.846153846153847, 9.99938968568813, 32.0,
731, 0.89198606271777, 28.54355400696864, 1.8397212543554007, 9.846153846153847, 9.99938968568813, 32.0,
732, 0.89198606271777, 28.54355400696864, 1.8397212543554007, 9.846153846153847, 9.99938968568813, 32.0,
733, 0.5079365079365079, 0.5079365079365079, 32.507936507936506, 9.142857142857142, 9.142857142857142, 32.0,
734, 16.253968253968253, 0.5079365079365079, 8.380952380952381, 9.990243902439024, 9.142857142857142, 32.0,
735, 0.89198606271777, 28.54355400696864, 1.8397212543554007, 9.846153846153847, 9.999771123402633, 32.0,
736, 0.89198606271777, 28.54355400696864, 1.8397212543554007, 9.846153846153847, 9.99938968568813, 32.0,
737, 0.89198606271777, 28.54355400696864, 1.8397212543554007, 9.846153846153847, 9.99938968568813, 32.0,
738, 0.89198606271777, 28.54355400696864, 1.8397212543554007, 9.846153846153847, 9.99938968568813, 32.0,
739, 0.5079365079365079, 0.5079365079365079, 32.507936507936506, 9.142857142857142, 9.142857142857142, 32.0,
740, 16.253968253968253, 0.5079365079365079, 8.380952380952381, 9.990243902439024, 9.142857142857142, 32.0,
741, 0.89198606271777, 28.54355400696864, 1.8397212543554007, 9.846153846153847, 9.999771123402633, 32.0,
742, 0.89198606271777, 28.54355400696864, 1.8397212543554007, 9.846153846153847, 9.99938968568813, 32.0,
743, 0.89198606271777, 28.54355400696864, 1.8397212543554007, 9.846153846153847, 9.99938968568813, 32.0,
744, 0.89198606271777, 28.54355400696864, 1.8397212543554007, 9.846153846153847, 9.99938968568813, 32.0,
745, 0.5079365079365079, 0.5079365079365079, 32.507936507936506, 9.142857142857142, 9.142857142857142, 32.0,
746, 16.253968253968253, 0.5079365079365079, 8.380952380952381, 9.990243902439024, 9.142857142857142, 32.0,
747, 0.89198606271777, 28.54355400696864, 1.8397212543554007, 9.846153846153847, 9.999771123402633, 32.0,
748, 0.89198606271777, 28.54355400696864, 1.8397212543554007, 9.846153846153847, 9.99938968568813, 32.0,
749, 0.89198606271777, 28.54355400696864, 1.8397212543554007, 9.846153846153847, 9.99938968568813, 32.0,
750, 0.89198606271777, 28.54355400696864, 1.8397212543554007, 9.846153846153847, 9.99938968568813, 32.0,
751, 0.5079365079365079, 0.5079365079365079, 32.507936507936506, 9.142857142857142, 9.142857142857142, 32.0,
752, 16.253968253968253, 0.5079365079365079, 8.380952380952381, 9.990243902439024, 9.142857142857142, 32.0,
753, 0.89198606271777, 28.54355400696864, 1.8397212543554007, 9.846153846153847, 9.999771123402633, 32.0,
754, 0.89198606271777, 28.54355400696864, 1.8397212543554007, 9.846153846153847, 9.99938968568813, 32.0,
755, 0.89198606271777, 28.54355400696864, 1.8397212543554007, 9.846153846153847, 9.99938968568813, 32.0,
756, 0.89198606271777, 28.54355400696864, 1.8397212543554007, 9.846153846153847, 9.99938968568813, 32.0,
757, 0.5079365079365079, 0.5079365079365079, 32.507936507936506, 9.142857142857142, 9.142857142857142, 32.0,
758, 16.253968253968253, 0.5079365079365079, 8.380952380952381, 9.990243902439024, 9.142857142857142, 32.0,
759, 0.89198606271777, 28.54355400696864, 1.8397212543554007, 9.846153846153847, 9.999771123402633, 32.0,
760, 0.89198606271777, 28.54355400696864, 1.8397212543554007, 9.846153846153847, 9.99938968568813, 32.0,
761, 0.89198606271777, 28.54355400696864, 1.8397212543554007, 9.846153846153847, 9.99938968568813, 32.0,
762, 0.89198606271777, 28.54355400696864, 1.8397212543554007, 9.846153846153847, 9.99938968568813, 32.0,
763, 0.5079365079365079, 0.5079365079365079, 32.507936507936506, 9.142857142857142, 9.142857142857142, 32.0,
764, 16.253968253968253, 0.5079365079365079, 8.380952380952381, 9.990243902439024, 9.142857142857142, 32.0,
765, 0.89198606271777, 28.54355400696864, 1.8397212543554007, 9.846153846153847, 9.999771123402633, 32.0,
766, 0.89198606271777, 28.54355400696864, 1.8397212543554007, 9.846153846153847, 9.99938968568813, 32.0,
767, 0.89198606271777, 28.54355400696864, 1.8397212543554007, 9.846153846153847, 9.99938968568813, 32.0,
768, 0.89198606271777, 28.54355400696864, 1.8397212543554007, 9.846153846153847, 9.99938968568813, 32.0,
769, 0.5079365079365079, 0.5079365079365079, 32.507936507936506, 9.142857142857142, 9.142857142857142, 32.0,
770, 16.253968253968253, 0.5079365079365079, 8.380952380952381, 9.990243902439024, 9.142857142857142, 32.0,
771, 0.89198606271777, 28.54355400696864, 1.8397212543554007, 9.846153846153847, 9.999771123402633, 32.0,
772, 0.89198606271777, 28.54355400696864, 1.8397212543554007, 9.846153846153847, 9.99938968568813, 32.0,
773, 0.89198606271777, 28.54355400696864, 1.8397212543554007, 9.846153846153847, 9.99938968568813, 32.0,
774, 0.89198606271777, 28.54355400696864, 1.8397212543554007, 9.846153846153847, 9.99938968568813, 32.0,
775, 0.5079365079365079, 0.5079365079365079, 32.507936507936506, 9.142857142857142, 9.142857142857142, 32.0,
776, 16.253968253968253, 0.5079365079365079, 8.380952380952381, 9.990243902439024, 9.142857142857142, 32.0,
777, 0.89198606271777, 28.54355400696864, 1.8397212543554007, 9.846153846153847, 9.999771123402633, 32.0,
778, 0.89198606271777, 28.54355400696864, 1.8397212543554007, 9.846153846153847, 9.99938968568813, 32.0,
779, 0.89198606271777, 28.54355400696864, 1.8397212543554007, 9.846153846153847, 9.99938968568813, 32.0,
780, 0.89198606271777, 28.54355400696864, 1.8397212543554007, 9.846153846153847, 9.99938968568813, 32.0,
781, 0.5079365079365079, 0.5079365079365079, 32.507936507936506, 9.142857142857142, 9.142857142857142, 32.0,
782, 16.253968253968253, 0.5079365079365079, 8.380952380952381, 9.990243902439024, 9.142857142857142, 32.0,
783, 0.89198606271777, 28.54355400696864, 1.8397212543554007, 9.846153846153847, 9.999771123402633, 32.0,
784, 0.89198606271777, 28.54355400696864, 1.8397212543554007, 9.846153846153847, 9.99938968568813, 32.0,
785, 0.89198606271777, 28.54355400696864, 1.8397212543554007, 9.846153846153847, 9.99938968568813, 32.0,
786, 0.89198606271777, 28.54355400696864, 1.8397212543554007, 9.846153846153847, 9.99938968568813, 32.0,
787, 0.5079365079365079, 0.5079365079365079, 32.507936507936506, 9.142857142857142, 9.142857142857142, 32.0,
788, 16.253968253968253, 0.5079365079365079, 8.380952380952381, 9.990243902439024, 9.142857142857142, 32.0,
789, 0.89198606271777, 28.54355400696864, 1.8397212543554007, 9.846153846153847, 9.999771123402633, 32.0,
790, 0.89198606271777, 28.54355400696864, 1.8397212543554007, 9.846153846153847, 9.999961853172863, 32.0,
791, 0.9706161137440759, 31.059715639810427, 0.500473933649289, 9.99938968568813, 9.999961853172863, 32.0,
792, 0.89198606271777, 28.54355400696864, 1.8397212543554007, 9.846153846153847, 9.99938968568813, 32.0,
793, 0.89198606271777, 28.54355400696864, 1.8397212543554007, 9.846153846153847, 9.99938968568813, 32.0,
794, 0.89198606271777, 28.54355400696864, 1.8397212543554007, 9.846153846153847, 9.99938968568813, 32.0,
795, 0.5079365079365079, 0.5079365079365079, 32.507936507936506, 9.142857142857142, 9.142857142857142, 32.0,
796, 16.253968253968253, 0.5079365079365079, 8.380952380952381, 9.990243902439024, 9.142857142857142, 32.0,
797, 0.89198606271777, 28.54355400696864, 1.8397212543554007, 9.846153846153847, 9.999771123402633, 32.0,
798, 0.89198606271777, 28.54355400696864, 1.8397212543554007, 9.846153846153847, 9.99938968568813, 32.0,
799, 0.89198606271777, 28.54355400696864, 1.8397212543554007, 9.846153846153847, 9.99938968568813, 32.0,
800, 0.89198606271777, 28.54355400696864, 1.8397212543554007, 9.846153846153847, 9.99938968568813, 32.0,
801, 0.5079365079365079, 0.5079365079365079, 32.507936507936506, 9.142857142857142, 9.142857142857142, 32.0,
802, 16.253968253968253, 0.5079365079365079, 8.380952380952381, 9.990243902439024, 9.142857142857142, 32.0,
803, 0.89198606271777, 28.54355400696864, 1.8397212543554007, 9.846153846153847, 9.999771123402633, 32.0,
804, 0.89198606271777, 28.54355400696864, 1.8397212543554007, 9.846153846153847, 9.99938968568813, 32.0,
805, 0.89198606271777, 28.54355400696864, 1.8397212543554007, 9.846153846153847, 9.99938968568813, 32.0,
806, 0.89198606271777, 28.54355400696864, 1.8397212543554007, 9.846153846153847, 9.99938968568813, 32.0,
807, 0.5079365079365079, 0.5079365079365079, 32.507936507936506, 9.142857142857142, 9.142857142857142, 32.0,
808, 16.253968253968253, 0.5079365079365079, 8.380952380952381, 9.990243902439024, 9.142857142857142, 32.0,
809, 0.89198606271777, 28.54355400696864, 1.8397212543554007, 9.846153846153847, 9.999771123402633, 32.0,
810, 0.89198606271777, 28.54355400696864, 1.8397212543554007, 9.846153846153847, 9.99938968568813, 32.0,
811, 0.89198606271777, 28.54355400696864, 1.8397212543554007, 9.846153846153847, 9.99938968568813, 32.0,
812, 0.89198606271777, 28.54355400696864, 1.8397212543554007, 9.846153846153847, 9.99938968568813, 32.0,
813, 0.5079365079365079, 0.5079365079365079, 32.507936507936506, 9.142857142857142, 9.142857142857142, 32.0,
814, 16.253968253968253, 0.5079365079365079, 8.380952380952381, 9.990243902439024, 9.142857142857142, 32.0,
815, 0.89198606271777, 28.54355400696864, 1.8397212543554007, 9.846153846153847, 9.999771123402633, 32.0,
816, 0.89198606271777, 28.54355400696864, 1.8397212543554007, 9.846153846153847, 9.99938968568813, 32.0,
817, 0.89198606271777, 28.54355400696864, 1.8397212543554007, 9.846153846153847, 9.99938968568813, 32.0,
818, 0.89198606271777, 28.54355400696864, 1.8397212543554007, 9.846153846153847, 9.99938968568813, 32.0,
819, 0.5079365079365079, 0.5079365079365079, 32.507936507936506, 9.142857142857142, 9.142857142857142, 32.0,
820, 16.253968253968253, 0.5079365079365079, 8.380952380952381, 9.990243902439024, 9.142857142857142, 32.0,
821, 0.89198606271777, 28.54355400696864, 1.8397212543554007, 9.846153846153847, 9.999771123402633, 32.0,
822, 0.89198606271777, 28.54355400696864, 1.8397212543554007, 9.846153846153847, 9.99938968568813, 32.0,
823, 0.89198606271777, 28.54355400696864, 1.8397212543554007, 9.846153846153847, 9.99938968568813, 32.0,
824, 0.89198606271777, 28.54355400696864, 1.8397212543554007, 9.846153846153847, 9.99938968568813, 32.0,
825, 0.5079365079365079, 0.5079365079365079, 32.507936507936506, 9.142857142857142, 9.142857142857142, 32.0,
826, 16.253968253968253, 0.5079365079365079, 8.380952380952381, 9.990243902439024, 9.142857142857142, 32.0,
827, 0.89198606271777, 28.54355400696864, 1.8397212543554007, 9.846153846153847, 9.999771123402633, 32.0,
828, 0.89198606271777, 28.54355400696864, 1.8397212543554007, 9.846153846153847, 9.99938968568813, 32.0,
829, 0.89198606271777, 28.54355400696864, 1.8397212543554007, 9.846153846153847, 9.99938968568813, 32.0,
830, 0.89198606271777, 28.54355400696864, 1.8397212543554007, 9.846153846153847, 9.99938968568813, 32.0,
831, 0.5079365079365079, 0.5079365079365079, 32.507936507936506, 9.142857142857142, 9.142857142857142, 32.0,
832, 16.253968253968253, 0.5079365079365079, 8.380952380952381, 9.990243902439024, 9.142857142857142, 32.0,
833, 0.89198606271777, 28.54355400696864, 1.8397212543554007, 9.846153846153847, 9.999771123402633, 32.0,
834, 0.89198606271777, 28.54355400696864, 1.8397212543554007, 9.846153846153847, 9.99938968568813, 32.0,
835, 0.89198606271777, 28.54355400696864, 1.8397212543554007, 9.846153846153847, 9.99938968568813, 32.0,
836, 0.89198606271777, 28.54355400696864, 1.8397212543554007, 9.846153846153847, 9.99938968568813, 32.0,
837, 0.5079365079365079, 0.5079365079365079, 32.507936507936506, 9.142857142857142, 9.142857142857142, 32.0,
838, 16.253968253968253, 0.5079365079365079, 8.380952380952381, 9.990243902439024, 9.142857142857142, 32.0,
839, 0.89198606271777, 28.54355400696864, 1.8397212543554007, 9.846153846153847, 9.999771123402633, 32.0,
840, 0.89198606271777, 28.54355400696864, 1.8397212543554007, 9.846153846153847, 9.99938968568813, 32.0,
841, 0.89198606271777, 28.54355400696864, 1.8397212543554007, 9.846153846153847, 9.99938968568813, 32.0,
842, 0.89198606271777, 28.54355400696864, 1.8397212543554007, 9.846153846153847, 9.99938968568813, 32.0,
843, 0.5079365079365079, 0.5079365079365079, 32.507936507936506, 9.142857142857142, 9.142857142857142, 32.0,
844, 16.253968253968253, 0.5079365079365079, 8.380952380952381, 9.990243902439024, 9.142857142857142, 32.0,
845, 0.89198606271777, 28.54355400696864, 1.8397212543554007, 9.846153846153847, 9.999771123402633, 32.0,
846, 0.89198606271777, 28.54355400696864, 1.8397212543554007, 9.846153846153847, 9.99938968568813, 32.0,
847, 0.89198606271777, 28.54355400696864, 1.8397212543554007, 9.846153846153847, 9.99938968568813, 32.0,
848, 0.89198606271777, 28.54355400696864, 1.8397212543554007, 9.846153846153847, 9.99938968568813, 32.0,
849, 0.5079365079365079, 0.5079365079365079, 32.507936507936506, 9.142857142857142, 9.142857142857142, 32.0,
850, 16.253968253968253, 0.5079365079365079, 8.380952380952381, 9.990243902439024, 9.142857142857142, 32.0,
851, 0.89198606271777, 28.54355400696864, 1.8397212543554007, 9.846153846153847, 9.999771123402633, 32.0,
852, 0.89198606271777, 28.54355400696864, 1.8397212543554007, 9.846153846153847, 9.99938968568813, 32.0,
853, 0.89198606271777, 28.54355400696864, 1.8397212543554007, 9.846153846153847, 9.99938968568813, 32.0,
854, 0.89198606271777, 28.54355400696864, 1.8397212543554007, 9.846153846153847, 9.99938968568813, 32.0,
855, 0.5079365079365079, 0.5079365079365079, 32.507936507936506, 9.142857142857142, 9.142857142857142, 32.0,
856, 16.253968253968253, 0.5079365079365079, 8.380952380952381, 9.990243902439024, 9.142857142857142, 32.0,
857, 0.89198606271777, 28.54355400696864, 1.8397212543554007, 9.846153846153847, 9.999771123402633, 32.0,
858, 0.89198606271777, 28.54355400696864, 1.8397212543554007, 9.846153846153847, 9.99938968568813, 32.0,
859, 0.89198606271777, 28.54355400696864, 1.8397212543554007, 9.846153846153847, 9.99938968568813, 32.0,
860, 0.89198606271777, 28.54355400696864, 1.8397212543554007, 9.846153846153847, 9.99938968568813, 32.0,
861, 0.5079365079365079, 0.5079365079365079, 32.507936507936506, 9.142857142857142, 9.142857142857142, 32.0,
862, 16.253968253968253, 0.5079365079365079, 8.380952380952381, 9.990243902439024, 9.142857142857142, 32.0,
863, 0.89198606271777, 28.54355400696864, 1.8397212543554007, 9.846153846153847, 9.999771123402633, 32.0,
864, 0.89198606271777, 28.54355400696864, 1.8397212543554007, 9.846153846153847, 9.99938968568813, 32.0,
865, 0.89198606271777, 28.54355400696864, 1.8397212543554007, 9.846153846153847, 9.99938968568813, 32.0,
866, 0.89198606271777, 28.54355400696864, 1.8397212543554007, 9.846153846153847, 9.99938968568813, 32.0,
867, 0.5079365079365079, 0.5079365079365079, 32.507936507936506, 9.142857142857142, 9.142857142857142, 32.0,
868, 16.253968253968253, 0.5079365079365079, 8.380952380952381, 9.990243902439024, 9.142857142857142, 32.0,
869, 0.89198606271777, 28.54355400696864, 1.8397212543554007, 9.846153846153847, 9.999771123402633, 32.0,
870, 0.89198606271777, 28.54355400696864, 1.8397212543554007, 9.846153846153847, 9.99938968568813, 32.0,
871, 0.89198606271777, 28.54355400696864, 1.8397212543554007, 9.846153846153847, 9.99938968568813, 32.0,
872, 0.89198606271777, 28.54355400696864, 1.8397212543554007, 9.846153846153847, 9.99938968568813, 32.0,
873, 0.5079365079365079, 0.5079365079365079, 32.507936507936506, 9.142857142857142, 9.142857142857142, 32.0,
874, 16.253968253968253, 0.5079365079365079, 8.380952380952381, 9.990243902439024, 9.142857142857142, 32.0,
875, 0.89198606271777, 28.54355400696864, 1.8397212543554007, 9.846153846153847, 9.999771123402633, 32.0,
876, 0.89198606271777, 28.54355400696864, 1.8397212543554007, 9.846153846153847, 9.99938968568813, 32.0,
877, 0.89198606271777, 28.54355400696864, 1.8397212543554007, 9.846153846153847, 9.99938968568813, 32.0,
878, 0.89198606271777, 28.54355400696864, 1.8397212543554007, 9.846153846153847, 9.99938968568813, 32.0,
879, 0.5079365079365079, 0.5079365079365079, 32.507936507936506, 9.142857142857142, 9.142857142857142, 32.0,
880, 16.253968253968253, 0.5079365079365079, 8.380952380952381, 9.990243902439024, 9.142857142857142, 32.0,
881, 0.89198606271777, 28.54355400696864, 1.8397212543554007, 9.846153846153847, 9.999771123402633, 32.0,
882, 0.89198606271777, 28.54355400696864, 1.8397212543554007, 9.846153846153847, 9.99938968568813, 32.0,
883, 0.89198606271777, 28.54355400696864, 1.8397212543554007, 9.846153846153847, 9.99938968568813, 32.0,
884, 0.89198606271777, 28.54355400696864, 1.8397212543554007, 9.846153846153847, 9.99938968568813, 32.0,
885, 0.5079365079365079, 0.5079365079365079, 32.507936507936506, 9.142857142857142, 9.142857142857142, 32.0,
886, 16.253968253968253, 0.5079365079365079, 8.380952380952381, 9.990243902439024, 9.142857142857142, 32.0,
887, 0.89198606271777, 28.54355400696864, 1.8397212543554007, 9.846153846153847, 9.999771123402633, 32.0,
888, 0.89198606271777, 28.54355400696864, 1.8397212543554007, 9.846153846153847, 9.999961853172863, 32.0,
889, 0.9706161137440759, 31.059715639810427, 0.500473933649289, 9.99938968568813, 9.999961853172863, 32.0,
890, 0.89198606271777, 28.54355400696864, 1.8397212543554007, 9.846153846153847, 9.999771123402633, 32.0,
